query	alternative query	main passage	citation
踢猫效应在直面上如何体现？	踢猫效应最初指的是什么？	一位父亲的同事耽误了他很多 时间，影响了他当天工作的完成。想 着明天要挨上司的责骂，他一肚子 火。回到家，他发现自己的妻子还没 有回家，也没有给他准备好晚餐。他 更加生气了，认为自己今天的工作 更加无法完成了，便一声不响地坐 在那里等妻子。妻子终于回来了，他 劈头盖脸给她一顿责骂。妻子当时 因为汽车抛锚了，耽误了一些时间， 本身已经满腹不满了，结果被丈夫 责骂，内心也非常愤怒。这时候，他 们的儿子拿回来了一张成绩单，他 们看了之后，发现儿子再次不及格， 两个人顿时火冒三丈，把儿子狠狠 地打骂了一顿。儿子一委屈，就对家 里的猫踢了一脚。	"李秋生,王小文. 踢猫效应与情绪传递[J]. 大众心理学,2016(10):41-42. 
"
解释一下踢猫效应		个体会对 弱于自己或者等级低于自己的对象 发泄不满情绪，而产生坏情绪传染 的连锁反应。但是这种连锁反应远 远不只是把坏情绪传递下去那么简 单。现在我们来分析一下那只被踢 的猫。这只猫本身并没有得罪谁，却 莫名其妙地被踢了一脚。它必定心 里会有不满，会表现出一些行为反 应。而这只猫对我们可能有不同的 意义，我们的表现也会有一些差异。 	"李秋生,王小文. 踢猫效应与情绪传递[J]. 大众心理学,2016(10):41-42. 
"
踢猫效应会带来什么连锁反应？		假如这只猫对我们不重要，而 且它选择了反抗，我们很有可能和 它陷入战争。人踢了猫一下，猫也会 扑上来攻击我们，我们也需要再次 自我保护。如此一来，为了发泄一些 坏情绪，我们需要应对一只被我们引发坏情绪的猫，这似乎给我们带 来了更多的坏情绪。 	"李秋生,王小文. 踢猫效应与情绪传递[J]. 大众心理学,2016(10):41-42. 
"
根据踢猫效应，踢猫会带来什么后果	踢猫又可能带来的结果有哪些？	"假如这只猫对我们不重要，而 且它选择了隐忍，这是最好的情况， 它默默地承受了你的坏心情，没有 把它传递下去。而在现在的社会这 是很难做到的。但是很危险的一种 情况是:这只猫可能在心里积累着 怒气，等着你不注意，或者它够愤怒 的时候，攻击你。所以，为了发泄一 些坏情绪，给自己种下了隐患，这似 乎给我们留下了很大的麻烦。 
假如这只猫对我们不重要，而 且它选择了欺负其它猫，这就再次 开始了坏情绪的传递。这只猫的坏 情绪，是因为我们产生的，甚而言 之，比我们的坏情绪还要强烈。所 以，我们无形间成了坏情绪的源头 和帮凶。等这只猫开始欺负其它猫 的时候，我们会发现每只猫都充满 着愤怒，这样太可怕了。 
假如这只猫对我们很重要，而 且它选择了反抗。我们一方面需要 发泄自己的坏情绪，一方面要应对 猫的坏情绪，同时还要注意保护它 别受到伤害。这样我们就从仅仅应 对自己的坏情绪变成应对很多人的 坏情绪，坏情绪一旦传递下去，就会 伤害我们在意的人，即使我们希望 弥补，也往往难以做到。我们可能会 发现，因为我们把坏情绪传递下去 了，身边我们关心的人，也一肚子怒 火了。这样，我们的情绪非但没有宣 泄，反而更加难以应对了。 
假如这只猫对我们很重要，而 且它选择了隐忍。这时，我们会担心 猫心里在想什么，是不是受了委屈? 
是不是不开心了?是不是想找个时 机把这份坏情绪还给我们? 这只猫 是我们所关心的，所以不能不管不 问，结果，我们非但没有宣泄自己的 坏情绪，反而增加了内心隐隐的担 忧。这份担忧可能还会盖过这份坏 情绪本身。 
假如这只猫对我们很重要，而 且它选择了欺负。这时，坏情绪就被 传递下去了，更糟糕的是，我们必须 要去关心这只猫，去为它引发的消 极后果负责。我们为了宣泄自己的 坏情绪，结果给自己引起了数不清 的麻烦。猫心里也有了坏情绪，这种 坏情绪可能再怎样去弥补，也难以 消除了。 "	"李秋生,王小文. 踢猫效应与情绪传递[J]. 大众心理学,2016(10):41-42. 
"
不踢猫的话，可以更好地发泄负面情绪吗？	有在被人身上发泄情绪的冲动时候可以如何更好的解决问题？	当然是可以的，但是并非简单 粗暴地把猫一脚踢开。我们的家人、 朋友、同事、同学都可以成为这只 猫，但是我们要做一个爱猫的人。我 们可以和别人聊聊天，让他们明白 我们心里的烦恼。一般而言，坏情绪 说出来了就会烟消云散了。我们此 时或许能够得到大家的安慰，或许 能够得到大家的鼓励。甚而言之，大 家能够帮助我们想出一些好点子， 这样可能有助于我们解决问题而不 是发泄情绪。我们虽然有坏情绪，但 是最重要的还是解决问题，问题解 决了，心情也多云转晴了。 	"李秋生,王小文. 踢猫效应与情绪传递[J]. 大众心理学,2016(10):41-42. 
"
亲子冲突将怎样影响青少年的人格？		"青少年阶段的孩子们心理发育还未定型，再加上他们本身的生理急速发育，
这时候如果没有在关怀和爱的氛围下成长，就会很容易产生一系列的心理冲突，
形成不好的人格，从而影响他们的社会适应能力。而关怀和爱的氛围首先要由家
庭提供，家庭氛围和谐有爱，对孩子的性格塑造、心理素质的培养、社会适应的
能力是很重要的。初中生正处于人格稳定的关键时刻，他们渴望自主独立，又渴
望得到父母老师的关注，所以随着学业任务的加重和内心需求的增加，许多亲子
沟通问题和人格问题会在这一时期显现出来，从而影响他们的社会适应能力"	"[1]李晓飞. 初中生亲子沟通与社会适应的关系研究：完美主义和基本心理需要的中介作用[D].河北师范大学,2021."
青春期的特殊性如何影响亲子矛盾？		"青春期，是个体成长的重要阶段。这个时期的孩子们觉得自己长大了，有了
自己的想法，比较抗拒听父母的话，认为父母的观念老化，跟不上时代。而自己
解决问题的能力又比较欠缺，容易冲动，不能有效地控制自己。如果父母和子女
这时候没有好好沟通，这种心理与行为的冲突往往也会使亲子关系变得不好。"	"[1]李晓飞. 初中生亲子沟通与社会适应的关系研究：完美主义和基本心理需要的中介作用[D].河北师范大学,2021."
亲子沟通的基本概念是什么？		"亲子沟通是父母与孩子之间交流互动的一个过程。本文选自张峰（2004）对
它的定义：亲子沟通是亲子双方在血缘关系的基础上，基于角色、态度、需求的
不同，通过不同的形式传递信息达到培养情感的过程。
"	"[1]李晓飞. 初中生亲子沟通与社会适应的关系研究：完美主义和基本心理需要的中介作用[D].河北师范大学,2021."
亲子关系和孩子适应社会的能力有什么关联	亲子关系会影响孩子适应社会的能力吗	"王雁（2010）认为青少年社会适应不良主要是因为，在家庭上父母过于关注
孩子的成绩，很少关注孩子的心理需求和心理健康，对孩子的社会交往能力不太
注重。在学校上老师过分关注学生的学习和名次，对学生的心理教育和同伴团体
交流方面不太关注。在社会方面，社会上的大众传媒和不良风气也会对青少年的
社会适应问题产生影响。在个体自身方面，比如敏感多疑、偏执的性格也是一部
分原因。
张檬（2015）对 913 名初中生和高中生进行调查，研究发现，初中生的亲子
沟通水平比较高，到了高中，亲子沟通水平出现明显下降趋势，而且即使在这一
时期师生关系有所提升也无法很好的提高他们的社会适应能力，这说明亲子关系
对于提高社会适应能力是很重要的一个因素。
"	"[1]李晓飞. 初中生亲子沟通与社会适应的关系研究：完美主义和基本心理需要的中介作用[D].河北师范大学,2021."
亲子沟通和孩子完美主义人格的关联	孩子的完美主义是怎么产生的？	"研究发现许多成长因素都会或多或少的影响青少年的完美主义倾向，比如亲
子沟通的方法、家庭环境、亲子关系的好坏以及父母是否具有完美主义人格特质（朱丹，张霞，李静，2009）。孩子在严苛和专制的教养方式下，对自身的要求就会高，权威和专制本就是高要求高标准，也就是说孩子的高标准完美主义很大原因是父母的要求过高。当孩子在放任型的家庭中成长时，没有过多的要求，所以放任型教养方式与高标准完美主义相关不显著。感觉自己的实际表现和想要达到的标准间有差距，孩子的这种心理差距有可能是因为父母和孩子有着不安全的亲子依恋关系，父母不关注
孩子的情感需求，比如疏远、情感隔离的关系，也就是说当亲子关系不良好的时
候，孩子更容易形成高标准的完美主义人格（周亚娟，梁宝勇等，2010）。
有的研究发现，当父母有高度完美主义倾向的时候，他们会采取苛刻、严厉
的方式对待孩子，从而形成一种不安全的亲子依恋关系，孩子在父母那里得不到
关怀，会更加害怕犯错误，潜移默化下也会对自己有过高的标准。所以消极完美
主义者的父母一般是高标准高要求的教养方式，二者密不可分（訾非，周旭，
2005）。
"	"[1]李晓飞. 初中生亲子沟通与社会适应的关系研究：完美主义和基本心理需要的中介作用[D].河北师范大学,2021."
孩子的性别如何影响亲子沟通？	男生和女生跟家长沟通的方式有什么不同？	"亲子进行沟通时，男生要比女生开放，在问题性维度上没有显著差异，但亲子进行沟通时，女生的问题性比男生更多，这与 Youniss 和 Smollar（1985）研究一致，女生心思相对来说更加细腻、敏感，对亲子沟通有着更高的要求，对情绪捕捉的能力更强，容易情绪波动，也就造成了女生对亲子沟通的满意度要低一些。本研究中，男生
的亲子沟通总分和开放性总分高于女生，这与 Guerrero（1995）的结果不一致，
原因可能是，以前女孩更愿意向父母袒露心思，更积极主动，而现在随着时代进
步，初中生的各方面压力越来越大，加上女性敏感多疑的性格，她们体会到的负
面情绪相对男生来说多一些，所以男生大大咧咧和活跃的性格在亲子沟通及开放
性上就优于女生一些。
"	"[1]李晓飞. 初中生亲子沟通与社会适应的关系研究：完美主义和基本心理需要的中介作用[D].河北师范大学,2021."
高中生的人格有什么特点？	高中生的人格和家庭有什么关系？	"根据著名心理学家埃里克森提出的人格发展八阶段理论，高中生正处于青春期(12-18岁)，面临着自我同一性和角色混乱的冲突(曹可莉, 2018)。也就是说，在这个阶段的高中生很大程度上会本能的因为情绪波动以及在面临新的社会要求和社会冲突而感到困惑和混乱的情况下引发一系列心理问题，包括可能和父母的亲子关系异化、沟通不畅、价值观不一致等等。这个阶段的特点和可能面临的危机是由遗传决定的，但是能否顺利度过危机却是由环境决定的。家庭作为孩子成长的第一课堂，家庭因素作为重要的环境因素之一，与高中生的心理健康状况高度相关。家庭环境的优劣直接影响着父母与子女之间的关系，从而影响到孩子的心理健康，紧张的亲子关系不仅会对家长产生较大困扰，更会给处于该阶段的高中生带来一定的心理压力，处理不当甚至会引发较为严重的心理问题，对高中生的身心健康和学业均有很大影响(Leary et al., 2008)。

"	"[1]李维双. 亲子沟通对高中生心理健康的影响：情绪表达的中介作用[D].天津师范大学,2021."
亲子沟通的重要性？		"亲子沟通作为父母与子女之间进行互动的手段之一，对家庭系统能否保持长久稳定起到重要作用。父母与子女之间进行科学、有效的沟通有助于及时缓解孩子的心理压力，改善亲子关系，从而促进孩子生理和心理上同步健康成长(Barnes & Olson, 1985)。而亲子沟通的重要手段之一就是对于情绪的表达。情绪表达是一种不会随着时间的流逝和科技的发展而退化的社会行为，它的字面意思是人们用各种方式对于情绪进行表达，是对自身情绪的一种反映，是在社会生活中人与人之间相互沟通、生存的基础。基于此，本研究选取高中生作为研究对象探究亲子沟通、情绪表达与心理健康状况的关系。"	"[1]李维双. 亲子沟通对高中生心理健康的影响：情绪表达的中介作用[D].天津师范大学,2021."
怎么定义亲自沟通？		"Barnes 和 Olson(1985)最早提出关于亲子沟通的概念，认为亲子沟通是一个动态过程，沟通则作为增强家庭成员之间亲密关系的纽带，可以有效应对家庭冲突和家庭矛盾，从而维护家庭功能的正常发挥。Fitzpatrick 和 David(1994)则在亲子沟通是个动态过程的基础上增加了“交换”的概念，认为其内涵是亲子之间将各自所掌握的信息资源进行交换。雷雳和王争艳(2002)等人认为亲子沟通不应只是亲子之间信息资源的交换，还应该充分发挥家庭的教育功能，父母在尊重子女人格的前提下，用沟通的手段来达到互相了解、增强彼此信任的目的。房超和方晓义(2003)认为单独探讨亲子沟通是片面的，应当将父母和子女之间的亲子关系作为前提，把整个家庭看作是一个系统，把亲子沟通放置其中加以探讨二者之间的相互作用机制。安伯欣(2004)通过研究亲子沟通的缘起与发展指出沟通是相对具体的行为，例如聊天、争辩、批评、公开表述情感等可以被明显观察到的行为，其中当然也包括父母与子女之间的沟通，即亲子沟通。池丽萍(2011)提出了亲子沟通的三层次理论模型，在该理论模型中，父亲、母亲和子女的沟通能力是基本元素，其中沟通能力包括表达能力和倾听能力，各元素之间的相互影响和相互配合为良好的亲子沟通打下基础。

"	"[1]李维双. 亲子沟通对高中生心理健康的影响：情绪表达的中介作用[D].天津师范大学,2021."
家庭与高中生心理健康的关联？		"艾婷(2020)在分析个体心理健康的影响因素时，认为主要是通过主观和客观这两大类因素作用到心理健康状况的。其中客观因素主要包括年龄、性别、是否是独生子女、户籍地、婚姻状况等人口学变量以及个体所处的家庭环境、教育环境、社会背景和个人生活方式、遭遇的生活事件等。Shek(1997)早在 1997 年就通过家庭与心理健康之间关系方面的相关研究，证实了孩子的心理健康水平的确是会受到家庭因素影响的这一观点。当高中生遇到挫折和困难时，父母选择用较为积极的应对方式去鼓励他们的家庭中，其心理健康水平更高(崔哲, 张建新, 2005)。辛方兴和王家同(2007)通过探讨父母的教养方式与高中生心理健康的关系发现，当父母同时选择用情感温暖的方式对高中生子女进行教养时，有利于其形成开朗、自信、乐观积极等正向的性格特点，从而促进养成良好的心理健康状况，这其中母亲的作用更加明显，尤其建议母亲多采用情感温暖的教养方式与子女相处。王姣(2016)选取高中生为被试，研究家庭环境对其心理健康状况的影响，在进行了一系列分析后发现，家庭环境不仅能直接影响高中生的心理健康水平，而且可以通过对积极心理品质的影响进一步影响其心理健康水平。
"	"[1]李维双. 亲子沟通对高中生心理健康的影响：情绪表达的中介作用[D].天津师范大学,2021."
性别会影响孩子与父母的沟通频率嘛		"在与父母的沟通中男孩子更加被动，相对来说，女孩子与父母的交流更多。我认为这种结果的产生可能和男、女生不同的家庭教养方式有关。一直以来，我国的家庭教育观更偏向锻炼男孩子的抗压能力与独自解决问题的能力，要有“男子汉大丈夫”的作风；而对于女孩子在这方面的要求则没有这么高，在遇到问题时，女孩子可以选择求助比自己能力相对较强的人。长此以往，可能会形成男孩子有什么事情更倾向内化于心，不善于求助和沟通的习惯，因此在亲子沟通这方面表现得不如女孩子积极。
"	"[1]李维双. 亲子沟通对高中生心理健康的影响：情绪表达的中介作用[D].天津师范大学,2021."
孩子的年龄如何影响亲子沟通？		"对于年级的讨论在杨晓莉和邹泓(2008)等人的研究中也有所表明，在高中年级，高一学生对父母的理解性不高，但更善于在沟通中解决矛盾与分歧，高二学生则体现出在沟通中可以对父母表示较高的理解性。这与本研究的结论一致。其实出现这种状况的原因不难解释，高二年级的学生相对于高一年级的学生来说，首先是年龄稍长一些，心理成熟度会更高一些，对于父母的理解程度也会更高；其次是高中知识的难度是随着年级的增长而逐渐加深的，高二年级的知识难度要高于高一年级，这种情况下，高二年级的学生可能会更需要父母在学业上的帮助与指导，以及对于学业焦虑的开导与慰藉。
"	"[1]李维双. 亲子沟通对高中生心理健康的影响：情绪表达的中介作用[D].天津师范大学,2021."
孩子的性别对其心理健康的影响？		"在心理健康状况方面，男女性别差异只在抑郁、焦虑及心理不平衡三维度有所体现。这一观点与崔哲和张建新(2005)的研究结果也不谋而合，他们通过研究发现，女生的抑郁和焦虑水平要高于男生。对于这一结果，艾婷(2020)指出，女生之所以比男生更容易产生抑郁、焦虑等心理健康问题，是和性别上天然的生理差异以及社会背景有密切联系的。由于生理差异，在面对同一特殊事件或负面压力时，女生更容易把矛头指向自身，从而导致负面情绪产生，心理健康水平下降；从社会大背景来看，一直以来对于男生的要求就更倾向于要锻炼更强的抗压能力，不能时常表现出“我不行”的一面。
"	"[1]李维双. 亲子沟通对高中生心理健康的影响：情绪表达的中介作用[D].天津师范大学,2021."
亲子沟通对孩子心理健康的影响		"亲子沟通与情绪表达和心理健康水平总体情况均显著相关，而情绪表达仅和心理健康状况中的偏执、敌对和学习压力感这三方面相关，因此，可以推导出亲子沟通、情绪表达以及偏执、敌对、学习压力感两两相关。也就是说，当亲子沟通良好时，高中生会较少产生偏执、敌对、学习压力这三方面的心理问题；而情绪表达良好时，可能会伴随着敌对和学习压力的心理状况，但较少产生偏执的心理状况。对亲子沟通与心理健康状况二者的关系进行分析，亲子沟通变量中的问题性沟通维度与心理健康状况的各个维度均呈现显著负相关；开放性沟通维度除了与强迫的心理状况没有显著相关外，与其他 9 项均显著负相关；亲子沟通总分与心理健康状况总分之间也呈显著负相关。本研究的结果表明：开放性沟通与问题性沟通及总分分数越高，心理健康状况分数越低，心理健康水平越高，心理状况越良好。这与孔金旺和梁修云(2011)等人的研究结果一致，他们认为亲子沟通的缺乏可能会导致青少年众多心理健康问题的产生，这一结论是通过研究亲子沟通良好的学生与亲子沟通不良的学生在心理健康状况中的抑郁、焦虑、学习压力感等维度存在显著差异得出。
"	"[1]李维双. 亲子沟通对高中生心理健康的影响：情绪表达的中介作用[D].天津师范大学,2021."
原生家庭对孩子的成长有哪些影响		"曹爱琳（2019）指出原生家庭是个体最初成长和学习的环境,也与个体的情感表达、行为模式、依恋风格以及亲密关系等有着密不可分的联系。在学前教育阶段,幼儿绝大多数时间都是在家庭中度过的。父母是孩子的第一任老师,是孩子成长中的重要成员,父母的个性、价值观、教养方式、行为模式及家庭亲子关系等都会不同程度地影响幼儿发展的方方面面,直接影响幼儿的心理发展,从而作用于他们的行为。发扬原生家庭对幼儿行为的积极影响,规避消极影响,是帮助幼儿健康成长的必要手段。[9]陈琳（2019）指出在实际的教育教学中,很多教师和家长都忽略了对于学生亲子关系的维护和培养,使学生慢慢失去了交流的兴趣,产生隔阂,进而影响到了学习,因此,教师和家长一定要从各个方面注重对亲子关系的培养,促进学生学习效果的提升。"	"[1]莫申杰. 亲子关系对初中生学习习惯的影响研究[D].湖南农业大学,2020."
家庭对孩子行为习惯的影响	家庭如何影响孩子的行为习惯	"Sue Zupanec 等（2010）做出明确，家庭教育、学校与社会环境都会对孩子的学习
习惯产生影响，同时做出这样的论断，即在根源上孩子不良习惯的形成是家庭教育环
境不足导致的。问题关键性能够被家长与学校认知到，但在对孩子的学习习惯与行为
进行规范时，标准的选择上十分困难。[11]在马卡连柯的相关研究中，学习习惯也受到
关注。通过他的研究可以得知，在人的成长与发展过程中，经验与学习习惯会起到特
别重要的作用。他认为在对孩子培养上，需要在他们认知事物上给予正确引导，也要
对他们良好学习习惯的养成予以支持。该目标在实现上，家庭与学校双方必须都进行
支持。而在两个因素中，最为关键的是家庭，作为家庭环境中的父母，成年人要做好
表率作用，注意到他们的言行对孩子潜移默化的影响。在日本教育家福泽渝吉看来，
家庭是习惯的学校，父母是习惯的教师。
"	"[1]莫申杰. 亲子关系对初中生学习习惯的影响研究[D].湖南农业大学,2020."
亲子沟通频率如何影响孩子的学习行为		"家长与学生沟通互动的频率在学生学习行为方面存在较多的影响作用，亲子沟通
频繁，则学生能够养成良好的学习习惯，对待学习也就更有信心。家长需要与孩子进
行良好的沟通与互动，积极影响学生的学习习惯，进而帮助孩子养成健康的学习习惯。
现实生活中，“代沟”很大程度上就是父母与子女间“长幼观念”以及缺乏沟通的情况所
致，父母多数是处在权威的状态，会将自身的观念以及要求等强加到子女的身上，而
对于子女的需要与情感变化漠不关心，长久下去就会出现严重的“代沟”问题。为更好
地处理“代沟”造成的消极影响，父母需要与子女进行必要的沟通与互动，让孩子能够
感受到关怀与爱护，理解与把握孩子的心态变化，进行积极的引导。
"	"[1]莫申杰. 亲子关系对初中生学习习惯的影响研究[D].湖南农业大学,2020."
父母应该如何与孩子沟通？	父母和孩子沟通的方式有哪些？	"沟通是相互的过程，是双方彼此互动、彼此影响的作用表现。父母在对子女提出
要求的同时，也要接受子女对于自身提出的要求，时刻进行主动的沟通与交流，不能
因子女未成年等因素限制，而只要求子女听话，剥夺子女表达意见的权利。在学习习
惯的养成中，主动与孩子沟通，是父母需要重点关注的内容。为此，家长要积极主动
的加入到与学生的互动当中，增加与学生的交流时间，承担起与学生沟通的主导者责
任，主动找学生聊天，在不经意间通过聊天的方式来了解孩子遇到的问题以及后续的
改进方向，帮助孩子树立学习信心。
"	"[1]莫申杰. 亲子关系对初中生学习习惯的影响研究[D].湖南农业大学,2020."
父母与孩子的沟通渠道可以有哪些？	为什么父母需要拓宽与孩子交流的渠道？	"现代社会，信息技术快速发展，网络发达，手机、电脑这些电子产品不仅是在城
市，在农村也同样是非常普遍，这也为人们的交流提供了便利的条件。家长要拓宽亲
子交流沟通的渠道，利用网络，家长会等来增加与学生的交流形式来影响学生的学习
习惯。学生们与父母的交流不但可以通过语音的方式与父母沟通，而且还可以通过图
像，视频等更直观的感受来与父母进行交流。不论父母在何处，都可以通过家校通、
师生通、家长微信交流群、家长 QQ 交流群等这些先进的网络互动平台，及时的掌握
学生在学校的学习状态，学校的教学安排等有关学生学习的关键信息，扩充学生与父
母交流的话题。例如，笔者观察到杨同学的父母在学校组织的亲子活动中很少出现，
但是杨同学的成绩以及生活状态都相对较好。多方了解后才知道杨同学虽然是一个留
守儿童，父母都在深圳打工，平时跟奶奶住在一起，奶奶年纪大，对他的学习帮不上
任何的忙，只能对其进行生活上的照顾，但是父母通过微信班级群和老师进行沟通，
了解杨同学的课堂听课，作业完成和平时考试的状况，对做得优秀的地方，父母会在
视频通话的时候给予表扬，错误的地方予以纠正，借助于手机和网络，杨同学与父母
的亲子关系一直很和谐，沟通也很顺畅，因此在学习方面也比很多的同学更加优异。
"	"[1]莫申杰. 亲子关系对初中生学习习惯的影响研究[D].湖南农业大学,2020."
家长应该如何树立学习榜样	为什么家长需要树立学习榜样	"考虑到父母的文化素养与孩子的成材有较大的相关性，家长需要清晰地认识到，
学习既是学生与学校的事情，也是家长的事情，尤其是家庭环境对培养孩子良好的学
习、生活习惯具有重要的教育价值，父母的言传身教和潜移默化是任何学校教育不可
替代的。所以，家长方面需要对自身的不良习惯等进行改变，营造安静温馨、舒适和
谐的家庭氛围来帮助学生培养良好学习习惯。同时，家长需要为孩子做好榜样作用，
在学生学习的时候，不看电视、打牌等干扰到学生的学习；当学生对于学习问题存在
疑惑以及不解的时候，能够想办法帮助学生更好地理解相关内容。
"	"[1]莫申杰. 亲子关系对初中生学习习惯的影响研究[D].湖南农业大学,2020."
家长应该如何营造学习氛围		"现阶段教育改革要求学生具有良好的实践精神以及创新意识，家庭生活期间也需
要做好孩子创新思维以及实践能力的培养工作，让孩子摆脱死记硬背的死读书模式，
用宽松、愉悦的氛围来激发学生的求学热情。学生的学习并不局限到课堂知识内容的
学习，家庭生活中的看电视、打游戏以及旅游等也都是学习的重要组成部分，劳逸结
合的情况下，学习效率才能够大幅度提升，学生的身心健康才有保障。家庭学习氛围
的创建是一个动态作用的过程，要求家长努力提升个人的文化素养与内涵，消除不良
的生活习惯，构建民主、沟通、宽松的人文环境来帮助学生培养钻研、探索的学习兴
趣；硬件方面要求家长在居室设计、物品摆放以及书籍购买等方面展现出舒适性与温
馨感，让家庭真正成为学生心灵的栖息地，每天沐浴着学习的春风，求知欲望得到更
好地滋润与养护。
"	"[1]莫申杰. 亲子关系对初中生学习习惯的影响研究[D].湖南农业大学,2020."
家长应该如何培养孩子的独立习惯		"很多家长在教育孩子的过程中，一方面要求孩子对待学习和生活中的问题要自己
想办法解决；另一方面却对孩子没有信心，总担心孩子没有办法做到独立学习，担心
孩子学习不自觉，因此，总在孩子学习的时候，一而再、再而三地以“关心”为名打扰
孩子独立学习。殊不知，家长这种不信任孩子，“舍不得”让孩子独立学习、自己解决
问题的做法，不仅会滋长孩子的依赖心理，让孩子养成过分依赖的习惯，而且会使孩
子无法集中精神专注地学习，影响其记忆力。事实上，充分地信任孩子，让孩子独立
学习，不但能培养孩子独立分析和解决问题的能力，还能提高孩子的记忆力。因此，
家长应该培养孩子独立学习的习惯，让孩子认真地对待作业，鼓励他们遇到问题时独
立思考，帮助他们通过自己动手查资料来解决问题，而不是直接干涉孩子的学习过程。"	"[1]莫申杰. 亲子关系对初中生学习习惯的影响研究[D].湖南农业大学,2020."
为什么让孩子拥有独立习惯很重要		"爱因斯坦说过：“学会独立思考和独立判断比获得知识更重要，不下决心培养思考习惯的人，将失去生活的最大乐趣。”可见，家长一定要培养孩子独立思考以及学习的能力。独立的学习习惯要有独立思考问题的能力，与孩子的交流期间，可以慢慢的引导他们去发现问题，解决问题，启发学生多思考问题的可能性，不要遇到困难的时候，直接告诉答案，家长要提供解决问题获取答案的方法，和孩子共同想办法，找答案，促使他们提高解决问题的能力，养成独立自主的学习习惯。
"	"[1]莫申杰. 亲子关系对初中生学习习惯的影响研究[D].湖南农业大学,2020."
什么是适当的教育方式？		"研究分析明确，在教养方式中，和谐民主占家庭相处模式的大多数，符合当前社会发展的基本国情；部分家庭亲子关系紧张，家庭成员相处简单粗暴，孩子往往失去自己的个性，惧怕与父母的沟通，体会不到父母对他们的爱；部分家长对孩子不管不问，放任自由，孩子在这种家庭教育下成长，往往不具有责任心，行为和学习情况都相对放纵，缺乏足够的安全感，难以形成健全的人格。联系生态系统理论以及社会学习理论明确，父母的教养方式这一重要的环境要素会对孩子的学习习惯带来重要的影响作用。在实际生活期间，家长需要联系自身家庭的教养方式特点，帮助孩子培养优良的学习习惯。
"	"[1]莫申杰. 亲子关系对初中生学习习惯的影响研究[D].湖南农业大学,2020."
如何在家庭教育中运用民主？	什么是民主教养模式？	"经过大量的研究和实践对比，发现最科学的，最有效的家庭教养方式是民主教养方式，严慈相当是这种教养方式最大的特点。父母在与学生的相处过程中是平等民主的朋友关系，尊重学生的处事行为，家庭中的事物当中来，做自己力所能及的事情，欣赏学生的做事方法，把学生当朋友，让学生能参与到让他们从中锻炼自己的执行力，掌握做事的方法，让学生在生活中学习，在学习中生活，并体会到学习的快乐和生活的乐趣，理解劳动的意义。家长在学生学习上给予充分的鼓励和表扬，让他们自己通过实践去探索和发现一些有趣的东西，充分的重视学生的动手能力，开启学生的发散思维，发挥他们的创造力和想象力，激发学习的热情，促进他们养成自己动手，自觉探索的自主学习习惯。如果家庭属于是民主模式的教养方式，就需要进一步总结经验，完善教养方式，以温暖、理解和民主式教养方式进一步促进孩子在智力、人格、心理素质方面健康的发展，促进孩子学习成绩的提高。
"	"[1]莫申杰. 亲子关系对初中生学习习惯的影响研究[D].湖南农业大学,2020."
为什么专制教育模式不好？	专制型家长要避免什么？	在专制型的家庭中，父母与学生的亲子互动是建立在家长权威下的压迫式关系，亲子交流紧张、沟通有障碍，家长对学生的专制，强权态度，会造成学生强烈的逆反心理，这种情况下他们通常采取批评惩罚的方式来达到教育学生的目的。因此，在专制型亲子互动模式下，家长与学生围绕学习进行互动的过程，都会使用负强化，彰显家长的威严。偶尔的惩罚措施来促进学生的学习固然是好的，但学生在家长长期的负强化下，学生在学习上产生了依赖和顺从，虽然学生为了避免遭到的惩罚，遵从了家长的意愿，而这样学生对学习就更缺少必要的动力，更失去了对知识追求的兴趣。如果是专制型的家长，建议在与学生进行互动时使用正强化方法，通过激励来关心和关爱学生，让学生在学习中树立自信心，往往比使用负强化更能激发他们学习的动力，养成主动学习的好习惯。	"[1]莫申杰. 亲子关系对初中生学习习惯的影响研究[D].湖南农业大学,2020."
为什么放养孩子不好	工作忙的家长可以做什么	放任型的教养家庭当中，父母因为工作忙或是家庭结构的原因，对学生只养不教，亲子关系冷淡，缺少足够的关注和教育，对学生的学习不闻不问，任由他听之任之，导致学生性格孤僻焦躁、做事冲动，对他们的行为没有规则约束，缺乏对社会的责任心和对自我的控制力，容易受外界因素的干扰，养成一些不好的行为习惯。因此，针对这种放任型的家庭，建议家长首先要把和学生的沟通交流纳入到日程中去，利用吃饭时间，睡前时间和学生聊聊学校的事，谈谈自己的见闻，其次要了解学生的兴趣、特长，尽可能的抽时间参加学生的集体活动，改变和学生的交流模式来引导行为习惯的改变，使学生养成一个良好的学习习惯。	"[1]莫申杰. 亲子关系对初中生学习习惯的影响研究[D].湖南农业大学,2020."
亲子沟通的内涵是什么		"“沟通”在英语当中是“communication”，指的是人与人、人与群体之间知识、事实、信念、意见、情感、态度等的传递、接收和反馈的过程，以求达成一致，注重信息交流的双向性和互动性。孟育群（1998）认为亲子沟通是指父母与子女之间的言语和非言语沟通——运用眼神、表情或身体动作来表达、传递双方的意见、情感和态度等信息的心理沟通过程。在 Ritchie（1988）的研究中，将“亲子沟通”写为“Family communication”。刘宁（2005）认为亲子沟通是亲子互动的一种内在运行机制，指家庭成员（主要是父母—子女）之间资料、信念、思想和情感态度的交流，以求亲子双方能够达成一致，互相理解、信任与合作的过程。
"	"[1]魏美丹. 初中生亲子沟通与生活满意度的关系[D].福建师范大学,2019.
"
亲子沟通模式的种类		Olson 将亲子沟通模式分为两种，即沟通的开放性和沟通的问题性。沟通的开放性是指亲子之间坦诚地交换彼此的想法和感受，沟通的问题性是指亲子双方不轻易向对方坦露真实想法，不愿意与对方交流。	"[1]魏美丹. 初中生亲子沟通与生活满意度的关系[D].福建师范大学,2019.
"
亲自沟通模式的种类2		Mcleod 和 Chaffee 认为亲子之间的沟通存在稳定的倾向和模式，并据此提出了划分亲子沟通类型的两个基本维度：关系定向（Socio-orientation communication）和观念定向（Concept orientation communication）。关系定向的沟通方式注重青少年与父母的关系，维护父母的权威，对父母的言论保持绝对的服从；观念定向的沟通方式则强调家庭成员之间要讨论问题本身，父母鼓励孩子提出不同的观点，发表自己的意见和看法。Ritchie 更进一步地解释了这两个维度，关系定向的沟通方式意味着父母运用权力强化儿童服从父母的外显行为，观念定向的沟通方式意味着父母鼓励子女开放地表达和交流。Ritchie 还据此提出了四种亲子沟通的类型，分别是多元型、保护型、放任型和一致型。多元型亲子沟通模式注重和子女的沟通交流，很少对子女施压；保护型亲	"[1]魏美丹. 初中生亲子沟通与生活满意度的关系[D].福建师范大学,2019."
亲子沟通的内容有什么特点	孩子和父母聊什么	"亲子沟通内容的研究。亲子沟通内容指的是亲子交流的话题范围。国外的研究
（Youniss & Smollar，1985）发现，青少年与父母讨论的话题包括家庭、学校、与朋
友的相处等；Noller 等人的研究发现，青少年只是偶尔和母亲讨论学校的情况、朋
友、闲暇时间等，而很少会与父母讨论一些敏感性的话题，例如性、饮酒、毒品等。
国内的研究（范艳，2006）认为青少年与父母的沟通内容包含：学习成绩、电脑电
视、交友、消费、日常的衣食住行、业余爱好等等。
"	"[1]魏美丹. 初中生亲子沟通与生活满意度的关系[D].福建师范大学,2019."
积极的亲子沟通如何影响孩子	青少年如何从亲子沟通中受益	"亲子沟通作用的研究。Masselam 的研究结果表明，良好的亲子沟通与子女的学
业成绩呈正相关。Noller 等人的研究指出良好的亲子沟通能帮助青少年获得独立的
感觉。Brage 等人的研究显示，良好的亲子沟通与青少年的自尊水平呈正相关。Collins
等人研究则发现，良好的亲子沟通与青少年的心理健康水平呈正相关。Hartos 等人
的研究证明，亲子沟通和青少年的适应与发展紧密相关。在亲子沟通方式良好的家
庭中，父母对青少年的控制相对较少，冲突发生频率也较低，青少年更加重视亲子
双方交流的信息，能敏感地捕获家庭成员的思想感情和需要，加强对自身的认同感
和对家庭的归属感，促使青少年形成正确的世界观和价值观，从而更好地促进青少
年的个性发展，他们能更好地适应社会的发展、应对社会的挑战。"	"[1]魏美丹. 初中生亲子沟通与生活满意度的关系[D].福建师范大学,2019."
初中生的自尊有什么特点		"初中生自尊发展的特点研究。初中生自尊总的特点是不稳定的（杨丽珠，1996；
黄煌峰、莫雷，1998），即初中生容易获得自尊的满足，也容易自暴自弃。初中生自
尊的年龄特点是呈下降趋"	"[1]魏美丹. 初中生亲子沟通与生活满意度的关系[D].福建师范大学,2019."
影响初中生自尊的因素	什么会影响初中生的自尊	"自尊的影响因素研究。影响自尊的形成与发展的因素主要有个人因素、家庭因素、学校因素、社会文化因素等。个人因素如性别、年龄、应对方式，自尊与解决问题的应对方式呈显著的正相关（赵荣霞，2002）；家庭因素如父母教养方式（程学超、谷传华，2001）、父母文化程度（钱铭怡、肖广兰，1998；魏运华，1997）等，“温暖、理解”的教养方式会提升自尊水平，父母文化程度与子女的自尊水平呈正相关；学校因素如师生关系（梁兵，1993）、同伴关系（魏运华，1998）、学业成绩（魏运华，1997）等，师生关系满意度、同伴接受程度、学业成绩均与自尊呈正相关；社会文化因素如跨文化因素（L.H.Chiu，1993）、城乡因素（张文新，1997）等。本研究的“亲子沟通”变量正是家庭因素之一。
"	"[1]魏美丹. 初中生亲子沟通与生活满意度的关系[D].福建师范大学,2019."
孩子自尊的重要性	为什么自尊对孩子很重要	"。Solomon 和 Greenberg 等人（1991）提出自尊的恐惧管理理论，
认为自尊是缓解人类与生俱来的死亡焦虑，是一种“焦虑缓解器”。 Leary（2000）
提出自尊的社会计量器理论，认为人类有一种与他人、社会保持联系的天性，自尊
就是人类保持人际关系的一种主观度量。张林（2004）据其所提出的自尊的“倒立
金字塔”模型结构理论，去分析自尊的功能，主要有：驱动性功能、发展性功能和
调节性功能。个体的潜在自尊为其提供从事某种工作的动力，个体的社会自尊促进
人的社会性发展，个体的元自尊引导自我追求的方向，协调现实我和理想我的关系。
"	"[1]魏美丹. 初中生亲子沟通与生活满意度的关系[D].福建师范大学,2019."
亲子沟通如何影响孩子的自尊	亲子沟通对孩子自尊的影响	"有研究（房超，2003；方晓义等，2006）认为，良好的亲子沟通与自尊成正相
关，问题性亲子沟通与自尊成负相关。后来，学者陈丽和刘艳（2012）研究流动儿
童的亲子沟通，结果发现：亲子沟通的不同维度均能正向预测其自尊。有研究者还
在研究中（邓林园，马博辉，武永新，2015）发现：亲子依恋水平越高，初中生的
自尊水平也就越高。亲子依恋和亲子沟通是亲子关系的不同方面，故可以为亲子沟
通和自尊的关系研究提供一些依据。金文凤（2017）的研究更是发现，亲子沟通能
够通过集体自尊和个体自尊的链式中介作用影响主观幸福感，故可尝试将自尊作为
"	"[1]魏美丹. 初中生亲子沟通与生活满意度的关系[D].福建师范大学,2019."
亲子沟通对孩子坚韧人格的影响	亲子沟通如何影响孩子的坚韧人格	"何洁（2014）的研究表明，大学生父母教养方式中的父亲情感温暖、母亲情感
温暖两个维度和坚韧性人格的总分及其韧性、投入、控制、挑战四个维度均呈现显
著相关。父母教养方式是父母教育观念和教育行为的综合体现，而亲子沟通必定是
父母教养方式的题中之义。因此，可以推测亲子沟通与坚韧人格之间有显著相关"	"[1]魏美丹. 初中生亲子沟通与生活满意度的关系[D].福建师范大学,2019."
年级上的差异和亲子沟通	年级上的差异如何影响亲子沟通	"初中生亲子沟通总分及其各维度在学生年级上均存在显著差异，而且初一学生
在总得分上要显著高于初二学生，初一、初三学生在观念定向维度得分要显著高于
初二学生，初二学生在关系定向维度得分要显著高于初一、初三学生。初中生的独
立意识逐渐增强，很多孩子出现心理叛逆，不愿意与父母交流，这种叛逆在初二时
期表现得尤为严重。因为初一是刚从小学步入初中的新阶段，初一学生会比初二学
生对父母的依赖性更强，且亲子之间可沟通的话题（如新学校、新朋友、学业问题
等）也较初二学生更多，因此初一的亲子沟通得分会显著高于初二。再而，初三是
学业压力繁重的阶段，父母可能需要帮助孩子疏导学业压力，孩子需要从父母获得
方向指导，亲子之间能够互相交流信息和感情需要，因此初一、初三学生在观念定
向的得分会显著高于初二学生；而家长们在对初二学生的沟通方式上，常常拿出父
母的权威来“镇压”孩子的叛逆气焰，因此在关系定向维度上，初二学生会显著高于
初一、初三的学生。
"	"[1]魏美丹. 初中生亲子沟通与生活满意度的关系[D].福建师范大学,2019."
为什么父母要重视对孩子的信心教育	父母如何实施信心教育	"在亲子沟通过程中，父母要允许孩子表达自己的观点，多鼓励、赞赏，少批评、指责，多给孩子信心，少让孩子灰心。有自信的孩子有较为正确的自我形象和自我评价，有自信的孩子自我效能感高，有自信的孩子相信自己有能力应对生活中的困难与挑战，有自信的孩子对自己的生活满。
"	"[1]魏美丹. 初中生亲子沟通与生活满意度的关系[D].福建师范大学,2019."
为什么父母要重视孩子的挫折教育	父母如何开展挫折教育	"父母要重视对孩子的挫折教育。父母在亲子沟通过程中，不仅要鼓励孩
子表达与交流，也要在大方向上要求孩子顺从自己的决策。换句话说，家长除了要
像上面所述的，重视信心教育，还要重视对孩子的挫折教育，否则，只在赞美声中
长大的孩子，不仅在自我形象和自我评价上会出现误差，在遇到应激事件时往往也
无法应对，极易耗尽仅有的心理资源，产生极大的压力，对自己的生活极不满意。"	"[1]魏美丹. 初中生亲子沟通与生活满意度的关系[D].福建师范大学,2019."
亲子沟通的概念界定是什么		"亲子沟通是家庭环境中的重要组成部分，在亲子关系中占有重要位置。亲子
沟通的本质是父母与子女为达到巩固情感关系或消除彼此矛盾而采用多种方式
进行交流的过程。其包含积极的开放性和消极的问题性两方面(Barnes  & 
Olson,1982)。 目前国内学者对亲子沟通的概念界定，主要基于 Epstein 从传播学理论中发展、延申而来。认为亲子沟通是指为达到互知、互信、互助的目的，而采取的情
感和信息的交流手段(王争艳，刘红云，雷雳等，2002)。并强调整个过程中是要
以增强情感纽带的连接和问题的解决为主要目的（池丽萍，2011)。本研究将采
用 Barnes 等人(1982)对亲子沟通的定义来展开研究。 
 "	"[1]文碧麟. 初中生亲子沟通与考试焦虑的关系[D].四川师范大学,2021."
亲子沟通的影响因素有哪些	什么会影响亲子沟通	"亲子双方的人格特质、性别、孩子的年龄等都属于影响亲子沟通的个体因素。
其中人格特质对于个体的影响不仅表现在个体的沟通行为模式上，同时对个体与
他人沟通行为的认知也有一定影响。通过研究发现，外向型特质与宜人性特质的
个体在面对他人的沟通行为时都倾向于选择积极的归因。具有神经质特质的个体
在沟通中更倾向于袒露自己的担忧与敌意，因此，更难与他人搭建起理想沟通的
桥梁(Willia,Lauri & Elizabeth,1996)。 
"	"[1]文碧麟. 初中生亲子沟通与考试焦虑的关系[D].四川师范大学,2021."
性别如何影响亲子沟通		"从性别的角度来看，有研究发现，女生的亲子沟通水平要高于男生的亲子沟
通水平。因为女生在情感表达上的能力更为突出且更倾向于向父母袒露心声(杨
晓莉、邹泓，2008)。其次，母亲与父亲相比，天然具有与孩子更加顺畅的沟通
水平和更加亲密的关系。这除了源自生理上的纽带维系之外，也与人类进化历史
长河中母亲长期扮演家庭内部角色相关。生理和社会两个层面的影响，使得母亲
在对孩子的理解性、接受性和反应灵敏性上表现的更好(Noller & Callan,1990)"	"[1]文碧麟. 初中生亲子沟通与考试焦虑的关系[D].四川师范大学,2021."
年龄如何影响亲子沟通		"从年龄的角度来看，在孩子生长发育最为旺盛的青春期，亲子沟通的开放性
呈现出持续下降的发展趋势。但在亲子沟通的问题性维度层面则没有显著差异。
青春期中段的亲子沟通会表现出更为复杂尖锐的问题，以及更为频繁的冲突。这
源于处在青春期中段的青少年逐渐觉醒的自我意识，不断增强的自主性，和荷尔
蒙引发的身体快速生长发育下的情绪失衡状态(邹泓、杨晓莉，2005；金文凤，
2017)。 
"	"[1]文碧麟. 初中生亲子沟通与考试焦虑的关系[D].四川师范大学,2021."
为什么学生会有悲观心理（防御性悲观）	亲子沟通和防御性悲观有什么关系	"Martin 通过访谈，于 2003 年开展了一项关于大学生为何会采用防御性悲观
策略的质性研究，结果发现家庭原因就是其中之一。他谈到在家庭环境中，部分
父母一般不提高孩子对未来的预期，这种家庭的孩子更多地使用防御性悲观策
略。另外，在避免失败的行为模式（防御性悲观、自我设限、拖延等）中，最引
人注目的相似之处在于它们与养育子女的联系。采用这些策略的个体经常出现处
于不支持、冲突的家庭氛围中，在这种氛围中，沟通和行为受到规则的制约和限
制，父母的过度控制和批评是反复出现的主题。 
"	"[1]文碧麟. 初中生亲子沟通与考试焦虑的关系[D].四川师范大学,2021."
亲子沟通和孩子自尊的联系	孩子的自尊如何受亲子沟通影响	"武永新等人（2014）研究发现，青少年的自尊水平与其亲子沟通存在显著相
关,具体而言亲子沟通的效果越差，孩子的自尊水平就越差。反之，如果父母与
子女保持良好的沟通，则青少年更容易形成健康积极的人际交往能力，从而更加
容易建立良好的人际关系，进而更好地促进自尊的健康发展。谭甘露（2020）通
过一项追踪研究发现留守青少年亲子沟通和自尊的时间的主效应显著。综上所
述，亲子沟通质量高的家庭，其家庭环境更为轻松开放，家庭成员间的关系势必
更加亲密，使青少年获得在成长过程中所需要的温暖和安全感，这对于青少年心
理健康状况和自尊水平的提升非常有利。"	"[1]文碧麟. 初中生亲子沟通与考试焦虑的关系[D].四川师范大学,2021."
影响初中生考试焦虑的因素？	什么会导致初中生的考试焦虑？	"根据前文中关于初中生考试焦虑的人口学变量差异分析可以看出，初中生考
试焦虑在性别、年级、独生子女上差异不显著；在生源地上差异显著，与胡炳政
（2015）的研究有部分一致。在性别上的差异不显著，可能与无论男女都得到老
师、家长相同程度的学业期待有关；在独生子女上差异不显著，可能是因为现代
社会竞争压力日益增大，无论家中有一个还是多个孩子都要承担压力。考试焦虑
在生源地上差异显著，具体体现在农村初中生的考试焦虑显著高于城市初中生。
这可能与家庭经济水平、教育水平、父母的文化水平都有一定的关系。农村学生
的家庭收入平均低于城市学生，这就导"	"[1]文碧麟. 初中生亲子沟通与考试焦虑的关系[D].四川师范大学,2021."
孩子的自尊和考试焦虑有什么关系	孩子的自尊如何影响其对考试的焦虑程度	"自尊水平越低的初中生，越有可能对考试感到焦虑。这一结论与以往研究保持一致。Chukwuorji 等人（2015）发现自尊是考试焦虑的最强预测因子，并且进行详细测算发现，当自尊水平增加一个单位时，考试焦虑就会下降 0.21。除此之外，根据 Higgins（1987）的认知焦虑理论，当个体期望中的理想自我与实际生活中表现出来的实际自我差距过大时，就会产生认知焦虑。由此可见，低自尊水平的学生正是由于现实表现出来的自我与理想水平相差太大，才会引发考试焦虑情绪。与之相反，高自尊的学生可以清楚、客观的对自己的能力进行评估，认清两种自我之间的差距，才能在面对考试时，做到不畏惧、不胆怯，从而表现出较低的考试焦虑。 
"	"[1]文碧麟. 初中生亲子沟通与考试焦虑的关系[D].四川师范大学,2021."
亲子沟通如何影响孩子对考试的焦虑程度	考试焦虑和亲子沟通的关系	"与国内外研究者的结论相同，考试焦虑与亲子沟通总分及开放性维度呈负相
关关系，与问题性维度呈正相关关系，也就是说，考试焦虑水平越高的初中生，
亲子沟通越可能不和谐。有研究显示，家庭教育中，父母对孩子期望水平过高，
对孩子要求较为严苛，不表扬、夸奖孩子的进步或者过分溺爱、放任孩子，日常
生活中较少听取孩子意见，较少与孩子沟通近况、想法等做法容易诱发孩子的考
试焦虑情绪（钱泞泞,2014）；与此相对，处于民主、开放的家庭氛围中的学生则
不容易产生考试焦虑情绪。 
"	"[1]文碧麟. 初中生亲子沟通与考试焦虑的关系[D].四川师范大学,2021."
亲子沟通开放性的重要	亲子沟通技巧（开放性）	"注重亲子沟通的开放性。和谐流畅的亲子沟通有利于为孩子营造宽松
的学习氛围，使孩子能够更大程度发挥自己的潜力。开放的亲子沟通要求家长与
孩子建立起平等的对话窗口，不过分强调家长权威，随时关注孩子心态、情绪的
变化，必要时给予支持。 
"	"[1]文碧麟. 初中生亲子沟通与考试焦虑的关系[D].四川师范大学,2021."
为什么家长不应该过于看重分数	孩子有考试焦虑症怎么办	"改善唯分数论、唯考试论的教育观念。过分看重分数、成绩，也是学
生产生考试焦虑的重要原因。教师和家长应着眼于学生身上的闪光点，用全面、
发展的眼光来看待，不将考试成绩作为衡量学生的唯一手段。"	"[1]文碧麟. 初中生亲子沟通与考试焦虑的关系[D].四川师范大学,2021."
离异对孩子的影响有哪些		家庭结构缺失对女的教育成长影响，国内外学者研究侧重点有所不同。国内学者将研究重心放在离异对家庭的影响层面上，离异型单亲家庭对子女的影响集中表现在对子女心理健康、学习教育、社交能力以及社会适应等方面的影响上。	"[1]张晓夕. 单亲家庭亲子沟通能力提升的小组工作干预研究[D].西北大学,2021."
离异对孩子的影响有哪些 （性格）		李家清、刘建勋在研究中发现，经历过父母离异的单亲家庭子女产生心理问题的倾向更为明显，性格变化也比较大，比如变得孤僻、缺乏自信、抗拒管教、逆反行为明显。	"[1]张晓夕. 单亲家庭亲子沟通能力提升的小组工作干预研究[D].西北大学,2021."
离异对孩子的影响有哪些 （心理健康		心理问题为安全感缺失、时长焦虑、不自信、抗逆力下降，容易受挫等表现。除此之外，离异型单亲家庭子女的品行障碍多于一般家庭子女，譬如早熟却不够理智、抗拒交流、对外界抱有敌意等表现。侯筱菲等人认为，单亲家长不应该对青少年子女过度保护或者对其进行严厉教养。	"[1]张晓夕. 单亲家庭亲子沟通能力提升的小组工作干预研究[D].西北大学,2021."
为什么单亲家长不能对孩子过度严厉	单亲家长过度严厉的后果	研究显示，长期过度保护会使子女形成过分依赖心理、社会化困难、融入社会进度慢且自身容易缺乏自信，易产生怯懦和自我捆绑的心理问题。	"[1]张晓夕. 单亲家庭亲子沟通能力提升的小组工作干预研究[D].西北大学,2021."
为什么单亲父母不能过度保护孩子	单亲家长过度保护孩子的后果	极度缺乏耐心与温暖的严厉教养方式则容易导致子女产生抑郁或躁郁心理疾病[2]。因此，家长情感不顺、家庭关系破灭后做出的行为会影响到子女的身心发展。	"[1]张晓夕. 单亲家庭亲子沟通能力提升的小组工作干预研究[D].西北大学,2021."
亲子沟通的具体含义		国外学者 Epstein（1993）在研究中指出，父母与子女的交流沟通一种是信息、观点、情感和态度的交换过程，目的是解决问题，巩固情感联结。王争艳、刘红云认为亲子沟通的目的是为了加深理解、增强信任感，也是一种通过互动进行合作的过程[1]。梳理上述定义定能够发现，国内外学者均强调了信息交换实现情感互动这一过程，由此可见，亲子沟通具有双向互动性这一特性	"[1]张晓夕. 单亲家庭亲子沟通能力提升的小组工作干预研究[D].西北大学,2021."
单亲家庭的亲子沟通障碍有哪些	离异如何造成亲子沟通障碍	"侯文婧(2014)在研究中指出离异单亲家庭存在沟通障碍，在亲子沟通认知上，子女表示与家长沟通不畅是明显存在的问题。除此之外，沟通内容贫乏、沟通方式单一、沟通频率低、沟通时间少和沟通缺乏主动性等问题都是造成单亲家庭的亲子关系不和谐的重要原因(秦迪迪，2015)。并且，杨威(2017)指出单亲家庭的亲子沟通分为灌输式亲子沟通、交友式亲子沟通和顺从式亲子沟通。灌输型沟通是家长对孩子有去无回，缺少互动的单向说教，顺从型沟通表现为父母对孩子听之任之的无私给予。
"	"[1]张晓夕. 单亲家庭亲子沟通能力提升的小组工作干预研究[D].西北大学,2021."
单亲家庭面临的亲子沟通问题		"单亲家庭的亲子沟通状况存在异于一般完整家庭的地方：一是沟通意愿弱，部分单
亲子女不愿意直面问题，排斥甚至拒绝沟通，这一现象背后的原因是复杂多样的"	"[1]张晓夕. 单亲家庭亲子沟通能力提升的小组工作干预研究[D].西北大学,2021."
单亲家庭对孩子的影响（社会舆论）		社会舆论很大程度上会影响单亲子女的自我认知，对外界社会产生抵触情绪，削弱表达欲，抗拒沟通，严重的甚至影响正常社交	"[1]张晓夕. 单亲家庭亲子沟通能力提升的小组工作干预研究[D].西北大学,2021."
单亲家庭孩子的影响		"社会大众长期以来对单亲家长的同情和对单亲子女的怜悯，无形中导致单亲家庭自身对社会定位产生偏差，成为社会大众视角下的不幸者，自带“不幸”标签。更有甚者认为单亲家庭背景下长大的子女或多或少伴随心理问题，言行举止会被不自觉得牵扯到家庭层面上，这种社会舆论下的刻板印象使得单亲家庭子女反感自身的“与众不同”父母是孩子最好的老师，缺失任何一方都会或多或少的影响到孩子的认知形成和人格发展。面对沟通分歧和障碍，一对一的亲子沟通无法借助缺失的一方进行进一步协调和破壁，父母双方作为第一监护人，这种力量是其他亲属所无法代替给予的。
"	"[1]张晓夕. 单亲家庭亲子沟通能力提升的小组工作干预研究[D].西北大学,2021."
倾听的重要性		有这么一句话:“倾听花开的声音，我们能读懂花儿的心思;倾听溪水的歌 声，我们能读懂山林的呼吸;倾听孩子的心声，我们能走进孩子的心灵。”倾听 是一项技巧，是一种修养，更是一门艺术。懂得倾听，有时比会说更重要。作为 家长的我们首先要学会倾听孩子的声音，才能更好地伴随孩子共同成长。 	"[1]甄锦珠. 在倾听中陪伴孩子共同成长之我见[A]. 中国智慧工程研究会智能学习与创新研究工作委员会.2020教育信息化与教育技术创新学术研讨会年会论文集（三）[C].中国智慧工程研究会智能学习与创新研究工作委员会:中国智慧工程研究会智能学习与创新研究工作委员会,2020:4."
为什么家长要会倾听孩子的心声	倾听孩子心声的重要性	"虽然，孩子在成长的过程中我们做家长的倾注了许多心血，但我们还是没 有做到与孩子真正地交流与沟通，遇到问题，没有给孩子申辩诉说的机会，总是 高高在上，以家长自居。处于成长期的孩童，是非观念不是很强，很容易受到外 界的干扰，思想左右摆动，但孰不知他们也有自己特有的逻辑思维能力，他们所 做的每件事都有自己的理由和见解。 
"	"[1]甄锦珠. 在倾听中陪伴孩子共同成长之我见[A]. 中国智慧工程研究会智能学习与创新研究工作委员会.2020教育信息化与教育技术创新学术研讨会年会论文集（三）[C].中国智慧工程研究会智能学习与创新研究工作委员会:中国智慧工程研究会智能学习与创新研究工作委员会,2020:4."
发现孩子问题后，家长应该做什么？	家长在察觉孩子问题后，该如何应对	"当我们发现孩子出现问题后，我们作 家长的首先不要慌张，也不要夸大事实真相，我们应该冷静地去分析问题，尊重 孩子独立的人格尊严，创造条件，尽可能地让孩子说出来，了解孩子的内心深处， 然后因势利导，把准脉搏，帮助孩子认识到问题之所在，从根本上解决问题。 
"	"[1]甄锦珠. 在倾听中陪伴孩子共同成长之我见[A]. 中国智慧工程研究会智能学习与创新研究工作委员会.2020教育信息化与教育技术创新学术研讨会年会论文集（三）[C].中国智慧工程研究会智能学习与创新研究工作委员会:中国智慧工程研究会智能学习与创新研究工作委员会,2020:4."
家长处理孩子问题的现状		"大多数家长总是认识不到倾听孩子诉说的重要 性，孩子一旦有问题，往往从自己的个人意愿出发，不分青红皂白，意气用事， 甚至给孩子解释的机会也不给，胡乱评判，乱加指责，轻则呵斥，重则打骂。
"	"[1]甄锦珠. 在倾听中陪伴孩子共同成长之我见[A]. 中国智慧工程研究会智能学习与创新研究工作委员会.2020教育信息化与教育技术创新学术研讨会年会论文集（三）[C].中国智慧工程研究会智能学习与创新研究工作委员会:中国智慧工程研究会智能学习与创新研究工作委员会,2020:4."
父母不倾听的弊端	父母不倾听的坏处	"长此以往，孩子不愿张口说话，更不愿寻求父母的帮助，只好将委屈和不满埋藏在 心底，郁积在心中的感情得不到宣泄，这将对孩子的心理健康十分不利。近年来， 校园欺凌事件常有发生，多数与此有关。另一方面，家长和孩子的积怨越来越多， 导致孩子产生与父母的对抗心理，亲子关系存在问题，为以后的相处埋下了祸患。 现如今，在父母和孩子相处的过程中，弑母，杀子的案例比比皆是，给社会造成 极其恶劣的影响。 

"	"[1]甄锦珠. 在倾听中陪伴孩子共同成长之我见[A]. 中国智慧工程研究会智能学习与创新研究工作委员会.2020教育信息化与教育技术创新学术研讨会年会论文集（三）[C].中国智慧工程研究会智能学习与创新研究工作委员会:中国智慧工程研究会智能学习与创新研究工作委员会,2020:4."
家长该如何倾听孩子		"当然，跟孩子平等相处，尊重孩子的话语权并不是放纵孩子，而是一种家 教艺术。只有认真倾听孩子的心声，才能更好地了解孩子的内心世界，对他们的 所思所想了如指掌，这将有利于家长和孩子之间有效地沟通与交流，掌握孩子的 问题所在，才能对症下药，从根本上解决问题，帮助孩子建立自信，树立正确的 人生观和价值观。 
"	"[1]甄锦珠. 在倾听中陪伴孩子共同成长之我见[A]. 中国智慧工程研究会智能学习与创新研究工作委员会.2020教育信息化与教育技术创新学术研讨会年会论文集（三）[C].中国智慧工程研究会智能学习与创新研究工作委员会:中国智慧工程研究会智能学习与创新研究工作委员会,2020:4."
父母倾听孩子的好处是什么		"认真倾听，还有利于孩子建立一个健康的心理环境，促 进孩子身心的健康成长。一旦孩子有了被父母倾听的机会，内心压抑的心境便会 自然爆发，释放情绪，倾诉心声，克服自卑，增强自信，这将有利于增强孩子的 社会交往能力和灵活应变能力。 
"	"[1]甄锦珠. 在倾听中陪伴孩子共同成长之我见[A]. 中国智慧工程研究会智能学习与创新研究工作委员会.2020教育信息化与教育技术创新学术研讨会年会论文集（三）[C].中国智慧工程研究会智能学习与创新研究工作委员会:中国智慧工程研究会智能学习与创新研究工作委员会,2020:4."
尊重孩子的重要性	为什么父母要尊重孩子	"尊重孩子的话语权是建立亲子关系的纽带。父母 绝对不能因为孩子小，认为他们没思想，没意识而忽略他们的阐述，不让孩子开 口说话，总是居高临下，包办代替。而是要经常地弯下腰，蹲下去，说出各自的 观点和解决方案，搭建交流平台，面对面探讨沟通，寻找最好的突破口。倘若孩 子有新颖的见解，提出意想不到的观点，我们做家长的就应该立马表明态度，支 持孩子，给孩子动力，帮助孩子分析认识上存在的误区，循序渐进，循循善诱， 启发开导，使孩子觉得自己很重要，发挥主人翁的作用。倾听，能让孩子更愿意 说;倾听，能帮助孩子说得更精彩，而且在倾听中能够促进孩子的口语发展，为 他们的成长打下良好的基础。 
"	"[1]甄锦珠. 在倾听中陪伴孩子共同成长之我见[A]. 中国智慧工程研究会智能学习与创新研究工作委员会.2020教育信息化与教育技术创新学术研讨会年会论文集（三）[C].中国智慧工程研究会智能学习与创新研究工作委员会:中国智慧工程研究会智能学习与创新研究工作委员会,2020:4."
家长该如何跟孩子做朋友		"认真耐心地倾听孩子的心声。不管你工作有多忙，也不管你正在忙什么，只 要孩子发出需要你倾听的信号，你将要无条件满足孩子的要求，谦虚真诚地和孩 子共同探讨，倘若你手头工作非常紧要，你也要向孩子解释清楚，请求孩子理解， 等忙完后一定去接应孩子。家长千万不能居高临下，以命令的口气呵斥孩子，导 致孩子对父母有提防心里，亲子沟通不很顺畅，孩子遮遮掩掩，欲言又止，家长 左右猜测，很难了解孩子的真实想法。另外，父母还要想方设法创设幽默风趣的 谈话方式，引导孩子畅所欲言，无所顾忌地向父母吐诉心声，同时，家长也可以 适时利导，创造条件，陪同孩子参加一些亲子游戏，鼓励孩子在玩中无意间说出 自己的真实想法，达到共同交心交友的良好亲子关系。 
"	"[1]甄锦珠. 在倾听中陪伴孩子共同成长之我见[A]. 中国智慧工程研究会智能学习与创新研究工作委员会.2020教育信息化与教育技术创新学术研讨会年会论文集（三）[C].中国智慧工程研究会智能学习与创新研究工作委员会:中国智慧工程研究会智能学习与创新研究工作委员会,2020:4."
为什么家长需要改变思维定势？	怎样做新时代的好家长？	"人们常说，家长不需要考证，然而，合格的家长不是人人能为。亲子之间的 代沟无处不在，这时，我们就要有意地创造一种能够耐心倾听孩子说话的氛围， 例如领孩子户外运动，旅游、散步等，共同游戏，共同参与孩子喜爱的活动，在 互动中细心领会孩子的内心世界。要允许孩子犯错误，允许孩子追时尚，赶时髦， 我们要清楚地知道，家长看不顺眼的，不一定就是不合适的。家长反而更应该改 变传统的思维方式，与时俱进，尽自己最大的努力融入到孩子当中，接纳他们。 在此，作为家长的我们需要不断的学习，进步，更需要我们从真正意义上了解社 会发展的趋势，必要的情况下还可以参加一些家长培训会，请教心理专家，跟上 时代发展的步伐。 
"	"[1]甄锦珠. 在倾听中陪伴孩子共同成长之我见[A]. 中国智慧工程研究会智能学习与创新研究工作委员会.2020教育信息化与教育技术创新学术研讨会年会论文集（三）[C].中国智慧工程研究会智能学习与创新研究工作委员会:中国智慧工程研究会智能学习与创新研究工作委员会,2020:4."
让孩子把话说完的重要性	为什么不要轻易打断孩子说话	"成长期的孩子，组织表达能力毕竟有限，有时父母听到孩子的“无理取闹”， “口不择言”就已失去耐心，对着孩子大吼大叫，殊不知那也许只是孩子的一种 情绪发泄，为了引起父母的重视，故意制造玄虚，这个时候，父母绝对不能仅凭 着孩子的一两句话就下结论，也有的时候，孩子说话语无伦次，没有经过逻辑思 维组织而让父母听得莫名其妙、不知所云。 
"	"[1]甄锦珠. 在倾听中陪伴孩子共同成长之我见[A]. 中国智慧工程研究会智能学习与创新研究工作委员会.2020教育信息化与教育技术创新学术研讨会年会论文集（三）[C].中国智慧工程研究会智能学习与创新研究工作委员会:中国智慧工程研究会智能学习与创新研究工作委员会,2020:4."
为什么倾听是一种很好的教育方式	为什么要以倾听的方式教育孩子	"因为倾听对于孩 子来说，是在表示一种尊重和关心，也促使孩子去认识自己的能力。如果孩子感 到他能够自由地对任何事情提出自己的意见，而他的认识也没有被轻视和奚落， 他就会变得毫不迟疑、无所顾虑地发表自己的意见，先是在家里，然后是学校， 将来就可以在工作上自信勇敢地正视和处理问题。 
"	"[1]甄锦珠. 在倾听中陪伴孩子共同成长之我见[A]. 中国智慧工程研究会智能学习与创新研究工作委员会.2020教育信息化与教育技术创新学术研讨会年会论文集（三）[C].中国智慧工程研究会智能学习与创新研究工作委员会:中国智慧工程研究会智能学习与创新研究工作委员会,2020:4."
家长应该如何陪伴孩子成长		"作为家长，我们要用眼睛去 观察孩子的世界，用心去倾听孩子的世界，走进孩子的世界，和他们共同游戏， 共同享受生活中的乐趣，做他们的知心朋友，做他们依赖、信赖的对象。父母学 会倾听孩子，走进孩子的心灵，尊重孩子的判断力，给孩子安全，自信，同时， 父母也可以享受到孩子般的乐趣，作为家长的我们，何乐而不为呢?倾听欢笑的 孩子，倾听哭泣的孩子，倾听恐惧的孩子，倾听愤怒的孩子，做孩子忠实的倾听 者，为孩子的进步而高兴，为孩子的成功而喝彩，陪伴孩子，共同成长。 
"	"[1]甄锦珠. 在倾听中陪伴孩子共同成长之我见[A]. 中国智慧工程研究会智能学习与创新研究工作委员会.2020教育信息化与教育技术创新学术研讨会年会论文集（三）[C].中国智慧工程研究会智能学习与创新研究工作委员会:中国智慧工程研究会智能学习与创新研究工作委员会,2020:4."
亲子沟通的概念是什么	早起的亲子沟通概念	Barnes（1985）最早提出亲子沟通的定义，他认为亲子沟通是指亲子之间通过沟通的途径来表达彼此间的情感和依恋以及家庭生活中矛盾的解决，从而促进家庭功能的很好的发挥。Fitzpatrick 和 David（1994）则强调亲子沟通是个动态的过程，是指亲子之间将各种信息资源进行交换。王争艳（2002）认为父母与子女将各种信息、资源、情感进行交换的目的是为了彼此之间相互了解，更加信任	"[1]姬莉. 青少年亲子沟通、自我控制与冒险行为的关系及教育对策[D].河南大学,2020."
亲子沟通的特点		"以往的研究者提出，亲子沟通在性别上具有明显的差异。Noller（1985）的研究表
明相对于男青少年，女青少年更愿意与父母进行沟通，更具有谈论的话题，且与父母
的关系更加亲密。Diiorio 和 Kelley（1999）发现青少年与父母沟通意愿方面存在显著
的性别差异，男青少年比女青少年与父母进行沟通的意愿更低，且沟通质量更差。周
宇峰和胡春霞（2012）的研究还发现亲子沟通具有年级上的差异。相对于初二年级的
亲子沟通质量，初一、高一、高二年级要高得多。 
"	"[1]姬莉. 青少年亲子沟通、自我控制与冒险行为的关系及教育对策[D].河南大学,2020."
亲子沟通如何影响孩子的冒险行为		"青少年冒险行为的形成受很多因素的影响，其中家庭因素是青少年产生冒险行为
影响最深刻的因素。有研究表明亲子关系的质量对青少年的身心和行为的发展产生重
要作用。此外，根据家庭功能理论可知,家庭成员之间有效的沟通既是形成良好亲子关
系、增加亲密感的关键途径，还是处理家庭问题和矛盾的珍贵法宝。家庭成员之间的
沟通越密切合拍，青少年的心理问题越少，从而产生的冒险行为也就越少"	"[1]姬莉. 青少年亲子沟通、自我控制与冒险行为的关系及教育对策[D].河南大学,2020."
亲子沟通和青少年的不良行为有什么关联	亲子沟通如何影响青少年不良行为	"根据家庭系统理论可知，在家庭系统中，对青少年的不良行为影响最深刻的就是
亲子关系，而亲子沟通是形成融洽、和睦的亲子关系最有效的途径。国内外心理学研
究者针对青少年心理发展的家庭影响因素与青少年不良行为的关系进行探讨与研究，
并提出了社会背景模型。该模型认为家庭中错误的教养方式会给孩子带来持续消极、
负面的影响，其中最为关注的是强制、无效的亲子沟通将通过同伴之间的交往而促使
各种不良行为的形成。 
"	"[1]姬莉. 青少年亲子沟通、自我控制与冒险行为的关系及教育对策[D].河南大学,2020."
性别如何影响青少年的自我控制力		"在性别方面，自我控制总分和思维自我控制维度在性别上具有显著性差异，女生自我控制总分和思维自我控制得分要显著高于比男生。综合国内外研究发现，女生的自我控制能力显著优于男生（焦洁，2011；Elizabeth & Cauffman, 2014;  董红，2017；宋星怡，2018）。本研究取得类似的研究结果。出现这一研究结果的原因是多方面的。首先，从中国的传统思想来说，“男主外，女主内”，男生本就倾向于拼搏斗争，争强好胜，易带有冲动性；而女生倾向于小家碧玉型，温柔勤劳，比较内敛。其次，从青少年生理发展来说，女生比男生生理发展要早，女生一般进入初中阶段就开始发育了，而男生到高中阶段身体等方面才刚开始发育，男生一般成熟比较晚，思想相对于女生比较幼稚，对自己的行为、情绪和思维等方面的控制能力较弱。最后，从青少年性格特点来说，男生个性多偏向于爱动顽皮，带有阳刚之气，爱闯祸、爱冒险，并且很重视兄弟之情，他们常常产生破坏性行为；而女生个性多偏向于安静听话，懂事乖巧，那些带有冲动性、危险性的事物常常与她们无关。 
"	"[1]姬莉. 青少年亲子沟通、自我控制与冒险行为的关系及教育对策[D].河南大学,2020."
年级如何影响青少年的自我控制力		"在年级方面，自我控制总分及三个分维度在年级上具有显著差异，在自我控制总分、情绪自我控制、思维自我控制上，初二年级均分显著高于初三、高一、高二，且初一年级的自我控制水平最低。可能是初一刚进入新的环境，学生既要适应环境，又要把经历分配到学习、人际交往、日常生活等方面，面对各种问题迎面而来，这些都推动他们快速成长，常不知所措，因此在情绪情感、行为举止不能较好的掌控。初二年级已经适应了学习环境，他们结交了一些优秀的同伴，自己也想要表现优异，严格要求及管理自己，在情绪情感和思想上具有更好的控制力。另外，高二年级的自我控制水平高于高一年级（杜帅领，朱艳丽，2019；王星，2019）。可能是高二年级学习任务繁重，学习压力增大，人生目标更明确，他们往往无暇思考其他的事情。 
"	"[1]姬莉. 青少年亲子沟通、自我控制与冒险行为的关系及教育对策[D].河南大学,2020."
如何营造家庭民主氛围	为什么要营造家庭民主氛围	"对于青少年来说，家庭因素是影响其成长和发展最早、最基本，最持久的因素，而父母是他们成长路上的最佳引路人和指导者。相关研究表明，在具有良好沟通的家庭环境中成长的孩子，具有较高的自我效能感和自我控制能力。在研究中发现，亲子沟通与青少年自我控制能力有显著的正相关关系，而与冒险行为呈负相关关系。且青少年主动与父母进行沟通的意愿很低，不敢随意表达自己的想法和观点。针对这一调查结果，父母可以从以下几方面来增进亲子沟通的有效性和自控能力水平。首先，父母要严格要求和管理自己，坚持自律、自我约束，以身作则，为青少年做个好榜样。在平日生活中父母对生活和工作的态度、计划、安排等都会潜移默化的对孩子产生影响，父母的一言一行孩子也会去模仿。如果父母在家最喜欢扣手机打游戏，那么孩子也会喜欢玩手机，认为学习索然无味；再比如父母在开车时遇堵车就开口大骂，孩子在平时也不会管理自己的情绪。所以父母要树立好榜样，营造一个良好的家庭氛围，对孩子的行为进行适当正确的引导，监督孩子养成良好的生活习惯和学习习惯，培养其自信心和自律意识，以提高他们的自我控制水平。 
"	"[1]姬莉. 青少年亲子沟通、自我控制与冒险行为的关系及教育对策[D].河南大学,2020."
为什么父母要尊重孩子的人给	家长该如何尊重青少年的人格	"尊重青少年的人格，形成平等沟通的关系。Nielsen（1998）曾提出改善亲子沟通质量、帮助家长理解孩子的准则，其中最关键的一条是父母要尊重和理解孩子，要按照他们的自我观念去思考问题和行事。这也就是说家长要尊重孩子独立的人格。在青少年早期的成长过程中，父母一直处于管理、指导等支配性地位，再加上受中国传统文化的影响，遇事时大多数父母都认为自己是‘权威’，根本不听取青少年的意见和想法，这样容易使双方产生不信任、疏远的心理，不利于建设良好的沟通气氛。另外研究表明，若青少年在与家长沟通时感受到不平等的关系，青少年会假设他们的意见不会被采纳，他们对与父母沟通的期望很低，甚至在谈话前就会选择放弃。因此，家长应该尊重孩子的人格，鼓励青少年自由表达自己的情感和观点，耐心倾听他们的想法，形成良好的沟通关系。 
"	"[1]姬莉. 青少年亲子沟通、自我控制与冒险行为的关系及教育对策[D].河南大学,2020."
父母该如何帮助孩子控制行为和情绪		丰富青少年的生活体验，养成良好的习惯。工作之余父母可带孩子体验生活，比如周末带孩子去旅游、参观养老院，保持积极乐观的心态。父母还可以与青少年培养共同的兴趣爱好，例如看书、写书法、音乐等，通过更好的沟通促进孩子健康成长，形成良好的个性，孩子渐渐养成良好的生活习惯，也就能很好的控制自己的情绪和行为，就不会从事一些冒险行为。	"[1]姬莉. 青少年亲子沟通、自我控制与冒险行为的关系及教育对策[D].河南大学,2020."
亲子之间的社交亲密指什么		"“亲密”一词最早产生于拉丁文 intimus，意味着内在和隐秘，和某人亲密
意味着了解对方隐秘的特质[1]，大学生与其父母微信使用过程中产生的亲密度又
叫做“社交亲密”，Yi Feng  Hu（2004）等在研究即时通讯工具中的亲密现象时
将亲密度分为三个维度：语言亲密、情感亲密和社交亲密[2]。社交亲密即双方在
使用媒介过程中产生的亲密。本文中大学生与其父母之间的微信沟通就是一种
“社交亲密。 
"	"[1]罗珍珍. 微信使用对大学生家庭亲子关系的影响研究[D].河南大学,2019."
亲子之间的代沟是怎么来的		"美国社会学家玛格丽特·米德认为，代沟产生的原因是不同辈份的人由于历史
时代、社会环境和生活经历的不同，所导致的价值观念、思想认识、心理状态、生活
态度、行为方式以及兴趣爱好等方面的差异，并且最终极易引起分歧和冲突 
[1]。代沟的产生源于两代人生活年代的不同，不同的年代的价值观念不同，自然 
形成了不同的观念。亲子代之间的代沟并不因为微信的产生而出现，但是在微信使
用过程中，亲子之间的代沟和冲突发生了变化，由于亲子代两代长期分居两地， 亲子
之间的沟通联络主要依靠微信等新的通讯软件，在这个阶段亲子之间沟通的主要
代沟在微信上呈现，展示出和传统代沟不同的内容和价值观，子代解决冲突的方式
也和以往有所不同，亲子代也会在冲突中逐渐理解对方的观念和想法。"	"[1]罗珍珍. 微信使用对大学生家庭亲子关系的影响研究[D].河南大学,2019."
微信的诞生和亲子代沟有什么关系		"微信缓解了大学生亲子代之间的亲子冲突，一方面微信成为亲子冲突的缓冲器；另一方面，亲子代沟随着子代对亲代的反哺，逐渐缓解。 
"	"[1]罗珍珍. 微信使用对大学生家庭亲子关系的影响研究[D].河南大学,2019."
微信怎么缓冲亲子代沟？		"微信成为亲子代代沟与冲突的缓冲器。亲子代面对面的交流沟通过程中发生
的冲突是无法刻意避免的。面对面交流的过程中，亲子代双方能够直观感受对方
的情绪动作等非语言信息，自身情绪很难隐藏。微信使用过程的亲子沟通，无论
是视频聊天中的虚拟在场还是微信其他功能的使用。为了避免冲突，子代在微信
使用过程中，会建立起自己的中区，对父母呈现出父母眼中理想的形象，在原有的
微信使用行为上适当调整，避免和亲代发生冲突。具体的行为表现在朋友圈的设
置上，子代朋友圈对亲代的部分可见功能，微信表情包使用上子代选择通俗易懂的
表情包，尽量选择和子代价值观相近的行为，微信成为亲子代之间代沟和冲突的缓
冲器。微信缓解拥有性亲子代沟，亲子代之间的拥有性代沟反应在微信上体现为微
信操作熟练程度的不同以及微信思维的差异，这种代沟是可以主动消解的，子代在新的媒介技术上占据主导地位，亲代处于被反哺的处境，子代反哺过程
中，逐渐提高自己的家庭地位，亲代更加信任子代，反而向子代学习，了解和接受
子代的生活习惯和思想。亲子代之间的拥有性代沟逐渐消解，进而选择性代沟也
有所缓解。"	"[1]罗珍珍. 微信使用对大学生家庭亲子关系的影响研究[D].河南大学,2019."
导致亲子沟通不尽人意的因素		"原因更多来自自我的需求 不被理解。高中生正处在“心理断乳期”，处于青 春期的他们有被人理解的强烈渴望和自我被尊重 的诉求。他们渴望自主，同时又特别需要父母的理 解;感情变得内隐，脾气又容易暴躁。一旦诉求无 法得到满足，往往缺乏耐心，不愿沟通。 
"	"[1]辛朵.生涯规划视角下促进高中生亲子沟通的实践与思考[J].中小学心理健康教育,2021(26):16-18."
父母的哪些行为导致了无效亲子沟通	父母如何让沟通效果不尽人意	"父母 虽然有很强烈的意愿参与孩子的成长，但是由于缺 乏对青春期基本心理特点的把握和对孩子真正性 格兴趣的了解，导致亲子沟通不畅，针对孩子出现 的问题，要么就事论事地教导，要么一味顺从，缺 乏真正的引领和监管。 
"	"[1]辛朵.生涯规划视角下促进高中生亲子沟通的实践与思考[J].中小学心理健康教育,2021(26):16-18."
改进和增进亲子关系的建议有哪些？	怎样增进亲子关系？	"鼓励家长学习文化知识，提高文化水平。家长受教育程度
越高，对于科学育子观念的认同度越高，对于家庭教育的科学
理念理解得越透彻。因此家长应该坚持学习，努力提高自身文
化水平。一则为孩子树立榜样，增强孩子主动学习的动力；二
则有能力辅导孩子学习；三则开阔眼界，提高文化素养，对家
庭教育理解更加透彻，更容易找到适当的方法引导孩子健康成
长，以减少和避免亲子矛盾，改善亲子关系"	"[1]不做焦虑父母，从良好亲子关系开始——疫情期间亲子关系状况调查报告[J].教育家,2021(24):24-27."
改进和增进亲子关系的建议有哪些？	怎样增进亲子关系？	"家长要认识到，改善亲子关系是一项长期工作。很多父母
有改善亲子关系的想法，但是并不长久。亲子关系的改善是一
项长期任务，家长应以最适合自己的方式去进行，不能把自己
逼得太紧，否则不容易长久且容易引发亲子矛盾。家长还要考
虑做法是否会得到孩子的正向反馈。若孩子总是不能给予正向
反馈，比如不理不睬等，家长就要考虑换个方式了"	"[1]不做焦虑父母，从良好亲子关系开始——疫情期间亲子关系状况调查报告[J].教育家,2021(24):24-27."
改进和增进亲子关系的建议有哪些？	怎样增进亲子关系？	"家长对孩子要抱有合理期望。绝大多数家长对孩子都抱有
很大期望，希望一代更比一代强。对于受教育程度高的家长来
说更是如此。这些家长本身很优秀，希望孩子更加优秀，因此
对他们也就更加严格。孩子的成长发展是有其自身规律的，家
长可以根据孩子的年龄特点和个性特征因势利导，让孩子健康
发展、逐渐优秀，而不是为了自己的不合理期望揠苗助长。
"	"[1]不做焦虑父母，从良好亲子关系开始——疫情期间亲子关系状况调查报告[J].教育家,2021(24):24-27."
改进和增进亲子关系的建议有哪些？	怎样增进亲子关系？	"培养孩子的自律能力。很多亲子矛盾是在家长督促孩子的
过程中产生的，而很多没有这些矛盾的家长回答“孩子自律性
强，不用催”。可见，培养孩子良好习惯，让孩子养成强大的
自律能力，是减少亲子矛盾的一项重要措施。
"	"[1]不做焦虑父母，从良好亲子关系开始——疫情期间亲子关系状况调查报告[J].教育家,2021(24):24-27."
改进和增进亲子关系的建议有哪些？	怎样增进亲子关系？	"提高家庭收入水平，学会平衡家庭与工作。收入越高的家
庭，亲子关系不受外界风险影响的概率越大。努力提高家庭收
入的同时，要注意提高家庭陪伴的质量。
"	"[1]不做焦虑父母，从良好亲子关系开始——疫情期间亲子关系状况调查报告[J].教育家,2021(24):24-27."
改进和增进亲子关系的建议有哪些？	怎样增进亲子关系？	"
为母亲提供具有针对性的家庭教育教材和课程。母亲在家庭
教育中占有重要地位，但是在调查问卷中，很多母亲表示缺少辅
导孩子学习的能力，容易在生活起居中和孩子产生矛盾。数据显
示，这些母亲大部分受教育程度不高，有接受家庭教育指导的需
求。可以通过网络、讲座、家长学校等形式为她们普及家庭教育
知识。相关机构或组织可专门为她们编写一份公共性强、易于理
解、易于操作的家庭教育教材，以及开设相关课程。"	"[1]不做焦虑父母，从良好亲子关系开始——疫情期间亲子关系状况调查报告[J].教育家,2021(24):24-27."
亲子沟通的定义是什么		"亲子沟通是一种特殊类型的人际沟通,是指在家庭中父母与子女双方主
体在亲缘关系的基础上,在共同创造的独特家庭情境中,基于各自的角色定
位和不同的态度、需要,通过各种言语和非言语的形式而交流信息、观点、
意见、情感和态度,以达到共同的了解、信任与互相合作的过程。亲子沟通
分为言语沟通和非言语沟通。亲子沟通是实现家庭教育功能的重要方式之
一。父母通过训练和榜样师范塑造了青少年获取规则的能力,并且主要是通
过亲子交往来实现的
"	"[1]胡悦. 亲子沟通与青少年健康成长[D].哈尔滨工程大学,2007."
亲子沟通的类型有哪些	有几种类型的亲子沟通？	"根据父母与青少年之间的沟通存在的一种稳定的方式和倾向, Mcleod
提出了划分亲子沟通类型的两个基本的维度关系定向和观念定向。Ritchie
在两个基本维度的基础上,划分出四种亲子沟通的类型, 即多元型
、保护型、放任型和一致型。

"	"[1]胡悦. 亲子沟通与青少年健康成长[D].哈尔滨工程大学,2007."
亲子沟通的类型有哪些（多元型）	什么是多元型的亲子沟通？	"多元型家庭看重的是亲子之间积极的沟通和表达思想、观点,但很少对
儿童施加压力,让子女服从父母的思想和观点
"	"[1]胡悦. 亲子沟通与青少年健康成长[D].哈尔滨工程大学,2007."
亲子沟通的类型有哪些（放任型）	什么是放任型的亲子沟通？	"放任型家庭同样不重视亲子之间的沟通和交流,但并不对儿童施加服从
父母的压力。在这样的家庭中,父母与儿童都各自追求自己的个人目标,而
不关心其他家庭成员的需要和愿望。在这样的家庭中,个人的自由不是像多
元型家庭那样通过开放的沟通来获得,而是以家庭成员之间很少沟通、相互
之间漠不关心为特征的。"	"[1]胡悦. 亲子沟通与青少年健康成长[D].哈尔滨工程大学,2007."
亲子沟通的类型有哪些（保护型）	什么是保护型的亲子沟通？	"保护型家庭非常强调儿童对父母的服从、顺从,根本就不重视亲子之间
的交流和沟通,而是通过“禁止”亲子之间的分歧来获得一种表面上和谐的亲
子关系。
"	"[1]胡悦. 亲子沟通与青少年健康成长[D].哈尔滨工程大学,2007."
亲子沟通的类型有哪些（一致型）	什么是一致型的亲子沟通？	"一致型家庭鼓励儿童对沟通的问题提出自己的见解和主张,但不能扰乱
家庭的等级和内部的和谐。方晓义等人以北京市和济南市两所中学名学
生为被试,探讨亲子沟通类型结果发现在亲子沟通的类型中,保护型亲子
沟通最多,其次为多元型亲子沟通,放任型和一致型亲子沟通最少。而且从
不同亲子沟通类型的特点看出,不同亲子沟通类型的青少年可能在社会适应
方面等表现出不同的特点。
"	"[1]胡悦. 亲子沟通与青少年健康成长[D].哈尔滨工程大学,2007."
亲自沟通的功能是什么？	亲自沟通的功能有哪些？	"首先,亲子沟通是维持良好家庭的重要因素。家庭成员通过沟通来表达
亲密,来处理与适应有关的问题问题解决、家庭争论。亲子沟通是家庭
功能中的重要维度,是家庭成员间问题解决的重要途径而且对维护亲子关
系也非常重要。影响亲子关系的因素是多方面的,亲子沟通是重要的影响因
素之一。亲子沟通的不良,势必会影响亲子关系而亲子关系的不良,不仅
会引发父母与子女的矛盾,甚至使儿童、青少年社会化发展偏离社会发展的
轨道,而走向堕落、犯罪。
其次亲子沟通在青少年的发展中扮演着非常重要的角色。国内外研究己
经发现,亲子沟通对青少年的自尊、健康行为、性行为、应对行为等都有重
要的影响。
"	"[1]胡悦. 亲子沟通与青少年健康成长[D].哈尔滨工程大学,2007."
青少年的人格特征有哪些		"青少年在人格发展方面,表现出三个特点,第一是伴随着生理的逐渐成
熟,产生了`触立感”和“成人感”。第二是开始关注“自我”,关心自己与他人
的内心世界。第三是开始了解、接纳和逐渐掌握更多的行为规范、价值标
准、社会角色,并对自己的未来角色进行定位和认同,喜欢独立探索和思考
一些问题。
"	"[1]胡悦. 亲子沟通与青少年健康成长[D].哈尔滨工程大学,2007."
什么是家庭功能？	家庭功能的定义是什么？	"家庭功能是家庭系统中家庭成员之间情感联系、家庭规则、家庭沟通以
及应对外部事件的有效性。家庭成员通过沟通来表达亲密,也通过沟通来处
理与适应有关的问题如问题解决和家庭冲突等。积极的沟通技能如倾听、
同情、支持性言语等,能促进家庭成员在感情和信息等方面达成相互理解,
并增强家庭应付环境变化的能力消极的沟通方式,如模棱两可、双关语、
批评抱怨等,会降低家庭成员分享感情和信息的能力。家庭功能主要反映的
是家庭系统中的相互作用,它对亲子沟通是具有影响力的,其中,情感反应
对亲子沟通的影响最为显著家庭功能中的情感反应维度对父子沟通和母子
沟通都有影响,但总的家庭功能只对母子沟通产生影响。
"	"[1]胡悦. 亲子沟通与青少年健康成长[D].哈尔滨工程大学,2007."
代沟的定义是什么	代沟是什么意思	"代沟是指两代人在思想、行为、价值观念等方面的差
异。"	"[1]胡悦. 亲子沟通与青少年健康成长[D].哈尔滨工程大学,2007."
代沟为什么会存在		"在任何社会中,新老两代人由于年龄、经历、历史条件、看问题的角度
等有所不同,都必然会在心理活动和行为方式等方面表现出一定的差异。
"	"[1]胡悦. 亲子沟通与青少年健康成长[D].哈尔滨工程大学,2007."
代沟的例子有哪些		"比如,在思想方面,老一代比较稳重,但有时也容易倾向于保守,年轻一代思
想开放,勇于创新,但却容易偏激在政治方面,上一代人不太赞成过多地
参与政治活动,而下一代则相反,有着较强的参与欲,希望有发表意见的机
会,上一代人对己有的成绩看得比较多,而年轻人则对社会弊端比较敏感
在思维方式上,年纪大的人喜欢纵比,思考问题时喜欢与自己的经历联系起
来,容易知足和怀旧,年轻人则喜欢横比,因而不易知足而常有追求在行
为方式上,上一代喜欢维持原有的行为方式,处事谨慎、冷静,悟守准则，而下一代喜欢冒险，行为变化快，讲效率，不拘泥于传统模式。"	"[1]胡悦. 亲子沟通与青少年健康成长[D].哈尔滨工程大学,2007."
构建亲子沟通的前提有哪些？（父母态度）		"父母态度对青少年的成长和发展具有重要作用。态度是人们对某一现象
的稳定看法和情感体验,在现实生活中表现为人们对一定事物的习惯性反
应。亲子沟通中,父母大都处于主导地位,是引导者,其态度的好坏决定亲
子沟通的有效性。要想构建良好的亲子沟通,首先要做的是改变父母对孩子
的态度。正确态度可以使父母比较全面、深刻地认识和评价自己的孩子,从
而能够给予孩子正确的引导。不良的亲子沟通往往是由于父母对子女的异常
态度造成的。因为态度中包含明显的情感成分,这关系到双方在情感上满意
的程度和亲疏关系。如果孩子的行为表现与父母的态度不一致,给家长带来
不愉快、厌恶、讨厌等内心感受,这势必影响和谐亲子关系的形成,也不利
于青少年的健康成长。
"	"[1]胡悦. 亲子沟通与青少年健康成长[D].哈尔滨工程大学,2007."
如何改变父母对孩子的态度	父母该如何改变自己对孩子的态度	"树立“三个人”的观念，即孩子是人,作为人,要民主、平等地对待他。我国政府早己签署了联合国的《儿童权利公约》,承认孩子生下来就是一个权利的主体,他们拥有生
存权、发展权、参与权和受爱护等四项基本的权利,与成年人是平等的,所
以作为现代父母,必须尊重儿童的权利,并善于与孩了商量同其有关的事
情。
"	"[1]胡悦. 亲子沟通与青少年健康成长[D].哈尔滨工程大学,2007."
构建亲子沟通的前提有哪些？（父母情绪管理）		"生活中我们常常看到父母对孩子发脾气和带着怒气处理问题的现象,更有孩子不听话就打骂孩子的现象。这样不但对孩子的身体造成伤害,更重要的是心理上的伤害。因此当孩子出现不良表现时,父母不要由于情绪失控而发怒,造成亲子沟通不能顺利进行,这样达不到教育孩子的目的,所以父母的情绪管理是进行沟通的基础

"	"[1]胡悦. 亲子沟通与青少年健康成长[D].哈尔滨工程大学,2007."
青少年心理健康的特点有哪些	亲少年心理健康的特点是什么？	青少年阶段初中三年级和高中，面对中高考的压力，学业适应不良，学习压力较大，人际交往少，情绪波动比较大，心理健康水平较差。李育辉和张建（2007）研究显示，初三、高三学业压力大，心理健康水平较其他年级明显要差，异性关系方面高一时达到最高，高年级的学生对家庭变故、重大事件等的感受度高	"[1]王春惠. 初中生亲子冲突处理策略对心理健康的影响及干预研究[D].曲阜师范大学,2020."
性别会影响青少年心理健康吗？	男女生心理健康的差别有哪些？	"在抑郁、焦虑及心理不平衡方面存在显著的性别差异，女生在抑郁和焦虑水
平上比男生要高，而男生表现出更多的心理不平衡。男女性别除在抑郁、焦虑、
心理不平衡外不存在显著差异，说明男、女性别在心理健康的其他方面状况无显
著影响，这与崔哲和张建新（2005）的研究结果基本一致。女生在情感方面更加
细腻，更容易哭泣，表达伤感，责备自己，而男生志在四方。在社会化目标上的
差异，在思考问题上，女生会思考更多，烦躁不安，表现出更多的焦虑、抑郁情
绪；男生则更能感受到来自父母和老师对自己的不公平待遇，初中男生更能产生
对于别人成绩好而难过和不服气的想法，因此男生在心理不平衡方面的得分比女
生要高。但是，受到孩子少的影响，每家都注重孩子的教育和培养，过去重男轻
女的思想弱化，在现代教育和父母关心的影响下（Nadia，2010），性别对于心理
健康的影响微乎其微，从总体而言，心理健康不存在明显的性别差异。"	"[1]王春惠. 初中生亲子冲突处理策略对心理健康的影响及干预研究[D].曲阜师范大学,2020."
亲子信任的定义是什么？	什么是亲子信任？	"亲子信任是人际间信任关系的一种，是发 生在特殊领域的和私人关系间的特殊的信任。亲子双 方在日常生活中，能够体验到生活的持续性和惯常性， 并且能够从中获得基本的安全感、归属感和依赖感。 通过亲子信任，亲子双方能够对对方的态度和行为做 出一定的预期，同时亲子信任能够使双方产生一种稳 定的心理和情感认同。
"	"[1]冯小航.青春期亲子信任危机成因及对策[J].科技资讯,2021,19(13):252-256.
"
亲子信任对青少年的意义是什么？	亲子信任为什么重要？	"对于处于身心发展局部 平衡时期的青少年来讲，亲子间的信任感，满足了他们最基本的归属与爱的需要。 
"	"[1]冯小航.青春期亲子信任危机成因及对策[J].科技资讯,2021,19(13):252-256.
"
亲子信任危机的后果有哪些（焦虑心理）		"焦虑是人们经理的一种不愉快的情绪体验或者心 理状态，常伴以紧张和恐惧。马斯洛的需求层次理论 指出，个体有安全的需求和归属于爱的需求，安全的 需求指保障个体安全不受侵害，归属于爱的需求更多 指个体渴求亲密关系，渴求被群体接受得以依赖，当 需 求 无 法 满 足 时 ，个 体 便 会 出 现 焦 虑 。在 家 庭 中 ，青 少 年更多在亲子关系中寻求需求的满足。当亲子间信任 破坏，青少年的想法经常得不到父母的认可，在亲子交 流中常常被否定，感到父母无法理解自己内心的真实 想 法 ，又 无 法 准 确 表 达 自 己 目 的 ，常 常 陷 入 自 我 否 定 的 怪圈中，这直接影响到青少年归属与爱的需求满足， 进而导致青少年更多的焦虑感。由不信任感带来的闭 锁内心，降低了青少年对自己人际交往的自我效能感， 这种底自我效能感会辐射到青少年人际交往的各方 面 ，长 久 下 去 在 人 际 关 系 中 怀 疑 自 己 ，担 心 人 际 关 系 的 破裂，产生更多的人际压力，加重内心的焦虑。 
"	"[1]冯小航.青春期亲子信任危机成因及对策[J].科技资讯,2021,19(13):252-256.
"
亲子信任危机的后果有哪些（挫折心理）		"由于亲子间信任的下降，亲子矛盾、亲自冲突随之愈演愈烈，青春期的孩子又处在建立自我同一性的关 键时期，青少年无法从家庭中，从依恋对象——父母身 上得到认可，在争吵与冲突中，逐渐感受到“我做什么 都是错的，无论我说什么都是不对的”“无论我怎样 解 释 ，他 们 都 不 理 解 我 ”。长 久 之 后 ，伴 随 着 处 理 问 题 时 的 焦 虑 感 ，出 现 的 便 是 挫 折 心 理 。所 谓 挫 折 心 理 ，是 指个体在追求预定目标的过程中，遭遇源于内外部难 以 克 服( 或 自 认 为 无 法 克 服 )的 干 扰 、压 力 或 困 惑 ，使 其目标无法实现所产的消极心理状态和情绪反应。当 个 体 受困 于 现 实 自 我 ，而 无 法 实 现 理 想 自 我 时 ，便 会 感 到 受 挫 。现 实 自 我 是 指 生 活 中 的 真 实 自 我 ，理 想 自 我 包 括个体的追求以及期望的能力水平等，是一种理想中 的自我形象。青少年渴望能够为自己的想法辩解并得 到父母的认可，不希望得到亲密的人的负面评价与否 定，所以在亲自冲突中才会奋力反抗。但由于其自身思 维 水 平 ，遇 到 的 认 知 水 平 并 不 成 熟 ，常 常 自 相 矛 盾 ，最 后 表 现 为 “ 倔 强 ”“ 执 拗 ” 。 理 想 中 ， 青 少 年 渴 望 自 己 能 与大人一样成熟讲理，得到认可，而现实中得到的反馈 确是来自亲人的更多否定与自我怀疑，这样便出现了 现实自我与理想自我间的差距，产生了挫败感。 

"	"[1]冯小航.青春期亲子信任危机成因及对策[J].科技资讯,2021,19(13):252-256.
"
亲子信任危机的后果有哪些（孤独感）		"青春期是青少年发展的转折期，这一时期的心 理特征表现为多对矛盾的相互对立，也正是在克服 矛盾的过程中，青少年才得以建立起自我同一性。而 在诸多矛盾中典型之一便是“闭锁心扉”对“开放内 心 ”。具 体 到 亲 子 相 处 过 程 中 ，表 现 在 ，青 少 年 渴 望 倾 诉，希望能够得到身边人的信赖，将自己的苦恼与其 分享，但是却又不想敞开心扉，强烈的自我独特性意 识使其认为自己的想法是那样唯一，以至于他人根本 无法完全理解，并且也认为寻求帮助是自己无力的表 现。当频繁与父母交流、沟通甚至在争吵冲突中，无法 得到认同，甚至得到恶语否定，怀疑父母是否真的能 够 理 解 自 己 ，亲 子 间 信 任 出 现 裂 痕 ，在 产 生 焦 虑 心 理 、 挫折心理后，不免会更加闭锁心扉:与其告诉父母自己想法，或者为自己辩解还要挨打挨骂，倒不如什么 都不讲，反正也没有人理解我。这样便导致了深深的 孤独感。当个体无法在亲密关系中或者支持，其归属 与爱的需要便无法被满足，进而也会影响其社会行 为 的 方 方 面 面 。 具 体 到 青 少 年 身 上 表 现 为 “ 自 闭 ”“ 抑 郁 ”“ 攻 击 性 行 为 ” 等 。 

"	"[1]冯小航.青春期亲子信任危机成因及对策[J].科技资讯,2021,19(13):252-256.
"
高三学生的身心发展有什么特点	高三学生的心理特点有哪些	"三学生的心理特点主要有：一、社会意识更成熟，逐渐形成属于自己独特的人生观和价值观，对社会现实问题有自身独立见解。开始考虑个人前途的问题，因此他们做事不再盲目性，更有计划性，学习带有更强的目标——考上理想大学或理想专业。二、升学愿望更强烈，情绪上的思想压力和心理上的波动都会较为突出，紧张、焦虑会成为困扰其情绪的主要问题。为了成绩，有些学生急于求成，当考试成绩和自己的理想愿望产生矛盾时，便产生焦虑、浮躁的心理情绪，随之带来的是一系列的生理和心理上的问题。一次考试的失败可能会让其意志消沉，丧失学习的积极性。三、自我意识更增强，心理和思维上都具有更强的独立性。他们觉得学习是自己的事情，自己能很好地处理。他们不愿意家长和老师太多干涉自己的学习。存在一部分学生具备保守的心态，学习竞争激烈，害怕别超过自己，不愿意帮助他人，有了疑问也不问别人。
"	"[1]冯小航.青春期亲子信任危机成因及对策[J].科技资讯,2021,19(13):252-256.
"
促进亲子关系的方法有哪些？（社交APP)		"当前社会，科技日新月异，随着众多社交 App 的流行，人们的沟通方式变得越来越便利及活泼，比如 QQ、微信、微博等。多种 APP 产品的功能可实现社会关系链整合、语音聊天、朋友圈、图片分享、兴趣分类等，通过社交 App 的多媒体互动关系，可以呈现呈现情绪表达、爱好分享、关系、价值观、信息知识等主要内容。高三学生的时间尤其宝贵及有限，特别是住宿生，每周一至周五在校学习，周末大部分需要一天或一天半的时间用于补习，真正与父母面对面相处的时间极为有限，而且有的家长与子女间由于缺乏沟通的基础，即使有时间也会出现“尬聊”的状态，而基于社交软件，则大大缩短了亲子互动关系的距离上形成的疏离感，提升交流的亲密感，同时也具有很大的便利性。社交 APP 的亲子互动可以是对线下亲子互动的良好延续，也是进一步的深入互动。通过 App 平台，子女能够真正了解到父母的价值观、社会观，了解到父母对待事物的真实态度，父母也可以通过 App 表达自己真实的情感，以及对孩子的关注。从而加强双方的互动联系。父母能够更快速的掌握孩子的情绪波动，并加以适当的影响，具有其时效性。这对于父母本身的行为及沟通方式也是一个很大的考验，父母需要投入适当的时间通过 App 建立长久持续的关注，让亲子关系不断升温。这样充分的利用了社交平台的便利性，减少了亲子间的距离感，有利于建立亲子亲密关系。
"	"[1]冯小航.青春期亲子信任危机成因及对策[J].科技资讯,2021,19(13):252-256.
"
暴力是否能解决亲子矛盾的问题？	亲子矛盾能使用暴力去解决吗？	“非暴力沟通”是美国威斯康星大学临床心理学博士、国际非暴力沟通中心创始人马歇尔·卢 森堡博士发现的一种沟通方式，包括四要素:描叙观察、表达感受、体会需求、提出请求。依照 这种方法来谈话和聆听，既能诚实、清晰地表达自己的意愿，又能尊重他人。在病区，我们经常 运用“非暴力沟通”方式帮助孩子消除不良情绪，指导父母和孩子建立和谐的亲子关系。 	李曉娟. 非暴力溝通：架起親子溝通“彩虹橋”[N]. 健康報. 2021-06-01 (006).
是什么原因导致了孩子的心理崩溃？	孩子心理崩溃背后的原因是什么？	坐在沙发上后，她开始向我哭诉来自学业上的压力，和同学之间的矛盾，以及因学习成绩不 理想而受到的父母的指责和嘲讽。这次，她想融入同学们的“汉服圈”，买一件汉服，但妈妈不 仅不同意，还讽刺她说:“学习不好，穿得再好看也没用!”正是这句话让她情绪彻底崩溃，做出极端行为。 	李曉娟. 非暴力溝通：架起親子溝通“彩虹橋”[N]. 健康報. 2021-06-01 (006).
亲子矛盾爆发之后可能的后果是什么？	亲子矛盾爆发会带来什么样的结果？	此时患者小 A 正坐在窗台上，双手用力地掰着玻璃框，泪珠从血红的眼眶里渗出，滑过脸庞 与袖口上的鲜血融在一起，情绪十分激动。她歇斯底里地喊着:“你们都滚开，别管我，让我去 死……”母亲在一旁紧紧拽着她的双手，朝她喊道:“你就是被奶奶惯坏了，那衣服有什么好看 的?非要买!说不了几句就发脾气……”母子俩的争吵声响彻整个病房，引起许多家属围观。 	李曉娟. 非暴力溝通：架起親子溝通“彩虹橋”[N]. 健康報. 2021-06-01 (006).
怎样能避免因为过激的情绪而做出的不正当行为？	在过于激动的情绪下，如何让自己冷静下来，避免进一步矛盾严重化？	说完以后，她的情绪逐渐平静下来。随后我告诉她，自己才是情绪的主人，一套叫“威廉姆 斯生活技能训练”的认知行为治疗体系能帮助她。我先指导她通过记日志的方法来觉察自己的情 绪，在做决定之前先问自己四个问题:“重要吗?”“值得吗?”“恰当吗?”“可以改变吗?”这 四个问题只要有一个是否定的，就需要改变自己的想法和情绪。同时表示会和她的父母沟通，尽 最大努力帮助她们改善亲子关系。 	李曉娟. 非暴力溝通：架起親子溝通“彩虹橋”[N]. 健康報. 2021-06-01 (006).
为何世界上会有那么多亲子关系的矛盾发生？原因是什么？	究其原因，到底是什么导致了许多亲子矛盾的发生？	看着她拿着我给她的情绪觉察日志表在记录，我走出了房间，内心沉重。当孩子遇到问题时， 最需要的就是父母的关心和帮助，可很多父母会无视孩子的感受和需求，坚持自己的想法，通过 诸如“你怎么这么不听话?”“你一点都不顾及我的感受!”“你看别人家的孩子……”等之类含有 批评、指责意义以及与人比较的话术去跟孩子沟通。这非但无法帮助孩子脱离困境，还会加剧孩 子的反感，引发他们的抗拒行为。这也正是我一直坚持使用和推广“非暴力沟通”的原因。 	李曉娟. 非暴力溝通：架起親子溝通“彩虹橋”[N]. 健康報. 2021-06-01 (006).
非暴力沟通是怎样被用于解决亲子矛盾的？	非暴力沟通是什么，有什么用处吗？	“非暴力沟通”是美国威斯康星大学临床心理学博士、国际非暴力沟通中心创始人马歇尔·卢 森堡博士发现的一种沟通方式，包括四要素:描叙观察、表达感受、体会需求、提出请求。依照 这种方法来谈话和聆听，既能诚实、清晰地表达自己的意愿，又能尊重他人。在病区，我们经常 运用“非暴力沟通”方式帮助孩子消除不良情绪，指导父母和孩子建立和谐的亲子关系。 	李曉娟. 非暴力溝通：架起親子溝通“彩虹橋”[N]. 健康報. 2021-06-01 (006).
当孩子已经有许多压力时，父母的指责是否会对孩子造成二次伤害？	父母的言语指责会给孩子带来怎样的伤害？	坐在沙发上后，她开始向我哭诉来自学业上的压力，和同学之间的矛盾，以及因学习成绩不 理想而受到的父母的指责和嘲讽。这次，她想融入同学们的“汉服圈”，买一件汉服，但妈妈不 仅不同意，还讽刺她说:“学习不好，穿得再好看也没用!”正是这句话让她情绪彻底崩溃，做出极端行为。 	李曉娟. 非暴力溝通：架起親子溝通“彩虹橋”[N]. 健康報. 2021-06-01 (006).
大学生中，亲子关系之间矛盾的发生率是多少？	在大学生中，亲子间发生矛盾的可能性是多少？	结果显示，公共卫生事件期间大学生或多或少都会与 父母发生矛盾，其中，偶尔发生矛盾占 46.13%，很少发 生矛盾占 28.39%，经常发生矛盾占 20.97%，有过较严重 的矛盾占 4.52%。 	"大学生亲子关系调查与对策分析[J]. 张若冰,曹海腾,李雪萌,胡志强,叶建亚.  家庭生活指南. 2021(06)"
在亲子矛盾发生后，孩子一般会找谁倾诉？	如果发生，孩子会找家里人倾诉亲子矛盾吗？	"问卷显示，当问及“学生更倾向于和父母哪一方进 行倾诉”时，回答母亲的占 51.61%，双方都可以的占 33.55%，双方都不可以的占 9.03%，父亲的仅占 5.81%。 可以看出 , 大学生与父母沟通更倾向于母亲或者父母双方， 单独与父亲沟通的人数较少。 "	"大学生亲子关系调查与对策分析[J]. 张若冰,曹海腾,李雪萌,胡志强,叶建亚.  家庭生活指南. 2021(06)"
亲子之间的沟通障碍是什么？	是什么导致了亲子之间沟通有障碍？	结果得知，亲子沟通时存在主要矛盾包括 :聊天步调 不一致(39.35%)、性格冲突(39.03%)、三观不同(32.26%)、 各执己见(31.29%)、父母过于专制(24.19%)等。 	"大学生亲子关系调查与对策分析[J]. 张若冰,曹海腾,李雪萌,胡志强,叶建亚.  家庭生活指南. 2021(06)"
大学生认为亲子矛盾存在的原因？	在大学生眼里是什么原因导致了亲子矛盾？	由结果可知，有 31.29% 的大学生认为他们对父母的 说话态度有待改善，30.32% 的大学生认为他们对父母说话 语气较差，有 16.77% 大学生认为他们说话措辞需要改正， 有 9.03% 大学生认为与父母沟通内容准备不足。	"大学生亲子关系调查与对策分析[J]. 张若冰,曹海腾,李雪萌,胡志强,叶建亚.  家庭生活指南. 2021(06)"
大学生认为亲子矛盾的解决方法是什么？	大学生是如何解决亲子矛盾的？	问卷中，当问及“大学生与父母发生矛盾时的解决办法” 时，回答放弃沟通、沉默不言的占 36.45%，强烈与父母进 行争论的占 29.03%，尽自己的努力真诚沟通、争取达成共 识的占 27.74%，寻求他人进行调的解占 24.52%，表面上同意父母说法的占 23.55%，自己主动让步、放弃争论的占 23.23%，尝试说服父母的占 17.1%，其他占 16.13%。 	"大学生亲子关系调查与对策分析[J]. 张若冰,曹海腾,李雪萌,胡志强,叶建亚.  家庭生活指南. 2021(06)"
大学生与家长的矛盾是什么原因？	大学生的亲子矛盾的客观原因是什么？	公共卫生事件期间，亲子沟通以家庭为中心，内容单一枯燥 ;居家网课学习占用时间较多、亲子思想观念差异 较大、沟通效率低、男女生性格的差异等使得亲子沟通时 间得不到保障，沟通频率减弱。大学生正处在人生的特殊 阶段，慢慢的由幼稚走向成熟，他们有着强烈的独立意识， 他们渴望得到成人式的信任和尊重，因此，很多大学生在 这个阶段与父母关系有或多或少的紧张。学生在校学习生 活很大程度上缓解了这种紧张关系，受公共卫生事件影响 学生居家时间增加，与父母朝夕相处，造成了亲子关系的 矛盾激化。 	"大学生亲子关系调查与对策分析[J]. 张若冰,曹海腾,李雪萌,胡志强,叶建亚.  家庭生活指南. 2021(06)"
针对大学生亲子矛盾的改善方法是什么？	哪些方法能改善大学生的亲子矛盾？	大部分学生因为父母的交流方式或是教育方 法的不得当对父母存在不满，甚至抱怨情绪，通过人际互 动 PAC 理论，能够了解父母和子女的沟通状态，可以帮 助我们分析亲子沟通中成功或者失败的原因。父母和子女 应该科学有效地改变亲子沟通状态，营造一种尊重和友善 的亲子沟通氛围。大学生居家期间还会出现一些恐慌、焦 虑、压抑、失落等不良情绪，在他们渴望父母给予他们安 慰的同时却得不到他们的回应，这就导致他们与父母之间 的隔阂越来越大，影响沟通。研究发现，大学生与父母缺 少沟通或缺乏沟通的主动性。这种高智商低情商的行为， 很容易让学生没有人情味，失去人与人沟通的能力，让人 在无意间产生隔阂，甚至还有不必要的摩擦。每对父母对 孩子的教育方式各有不同，有的属于松弛有度的教育方式， 有的属于管教严谨类型的，对于孩子来讲，他们会产生逆 反心理，更不利于父母双方之间的交流。 	"大学生亲子关系调查与对策分析[J]. 张若冰,曹海腾,李雪萌,胡志强,叶建亚.  家庭生活指南. 2021(06)"
父母如何避免让学生和自己产生亲子矛盾？	父母应该怎样做才能避免亲子矛盾的产生？	由于手机及互联网其他形式的存在，亲子之间互动大 大减少，父母也要转变教育思想观念，多与子女沟通，给 孩子一定的空间，避免“暴力”沟通，让彼此更加了解增 进感情，珍惜与家人在一起的时光。 	"大学生亲子关系调查与对策分析[J]. 张若冰,曹海腾,李雪萌,胡志强,叶建亚.  家庭生活指南. 2021(06)"
学校在亲子关系中怎么样才能帮助解决矛盾？	对于学生的亲子矛盾，学校能做些什么？	学校方面，应开设相应的心理辅导帮助，帮助大学生 在烦躁不安，容易暴躁失控的情况下，调节自己的心理状 态，改变自己的行为，开导学生敞开自己的心扉，学会尝 试着去和父母沟通交流，谈一谈内心最真实的想法;开设心理素质教育课程，伦理道德课程，注重培养学生的共情 能力，提升学生自身的思想道德素质。 	"大学生亲子关系调查与对策分析[J]. 张若冰,曹海腾,李雪萌,胡志强,叶建亚.  家庭生活指南. 2021(06)"
学生如何避免让自己和家长产生亲子矛盾？	学生应该怎样做才能避免亲子矛盾的产生？	提升自我素养。首先要学会控制自己的情绪，在这个 非常的时期，活动的范围很小，有烦躁郁闷的心情也是正 常可以理解的，要平和地对待这些负面情绪，正确调节， 转移注意力，做自己感兴趣的事情，或者找寻外界帮助， 做到心平气和 ;其次要学会与父母主动沟通，大学生要学 会和父母交流，多沟通熟悉彼此，站在对方角度思考问题， 注重事实根据和善于进行客观理智的分析，与父母像朋友 一样说一说自己的心里话，根据实际情况共同分析做出决 定。此期间也是一个缓和父母与大学生亲子关系的好机会， 父母在之前是忙碌的，很少能一直在家中陪伴子女，要抓 住机会，让自己与父母更进一步，大学生要尊重理解父母， 当双方发生意见分歧时，先冷静，再解决问题 ;最后还要 充实自己，认真学习，做到自省自立，主动承担家务，做 自己力所能及的事情，锻炼自身的能力，提高自身素养， 建立和谐的亲子社会关系，促进大学生身心健康发展。	"大学生亲子关系调查与对策分析[J]. 张若冰,曹海腾,李雪萌,胡志强,叶建亚.  家庭生活指南. 2021(06)"
青春期是导致亲子矛盾的主要问题吗？	亲子矛盾是因为青春期而导致的吗？	"一位女高管丁总最近向我诉苦，原来乖巧的女 儿进入青春期后，就像变了一个人，动不动跟她对 着干，甚至还当众给她甩脸子。有时，她想跟孩子 聊聊，却都被拒之门外，更可气的是她在门上还贴 了“私人场所，请勿打扰”字条。 
青春期孩子的表现存在个体差异，表现得很叛 逆的孩子，往往是幼儿叛逆期(两三岁)和儿童叛 逆期(八九岁)没有得到父母合理的对待，平时的 家庭教养方式存在一定问题，或者家庭结构存在某 些缺陷。幼童期，孩子还比较柔弱，如果当时的自 我成长受到压抑，还没有足够的力量对家长进行反 击，到了青春期，孩子的身心得到了充分发展，他 们就会以空前的强度暴发出叛逆的力量。 
孩子青春期，亲子之间的问题会在沟通冲突中 全面暴露。如果家长与孩子在这个时期一直处于敌 对状态，叛逆或许会持续孩子的一生。我身边有很 多真实的案例，年近中年的人依然像青春期孩子那 样跟父母斤斤计较、相互攻击，亲子沟通模式就好 像永远定格在青春期。所以，家长千万要重视与青 春期孩子的沟通问题，帮助孩子顺利度过青春期。"	任彦霞. 三步搞定与青春期孩子的沟通难题[J]. 中小学心理健康教育. 2021 (22)
青春期对孩子的改变是什么？	孩子在青春期会有什么改变？	"青春期孩子的逻辑思考能力迅速增强，变得好 辩 , 思维敏捷，勇于挑战。心理上，情绪波动大;情 感上，易受伤害，敏感易怒;生理上，身体快速发 展，并出现第二性征，有了像成年人一样的生理需 要。他们的内在一半是儿童、一半是成人，充满矛盾和纠结，他们自己也不好受，所以这个时期的孩 子特别需要家长的关爱和智慧对待。家长要接受孩 子的改变，包容孩子的种种不足。 "	任彦霞. 三步搞定与青春期孩子的沟通难题[J]. 中小学心理健康教育. 2021 (22)
父母应该怎样改变管教的方式和态度？	父母的管教方式和态度应该怎样改变去避免亲子矛盾？	丁总一贯乖巧的女儿进入青春期后用叛逆的 态度对待妈妈，想必平时对孩子太强势，引起女儿 反击，甚至以拒绝沟通来“示威”，以行为告诉妈 妈，她已经长大了，妈妈不可以沿用过去的态度。 当妈妈面对这样的情况时，就要反思自己:是不是 过去对孩子控制太多，或否定太多?然后尝试改变 以往不恰当的管教方式和态度，比如可以给孩子写 封情真意切的信，倾诉自己的反思和困惑，寻求孩 子的谅解，重新对妈妈建立信任和连接，放弃抗拒 和厌烦心理。	任彦霞. 三步搞定与青春期孩子的沟通难题[J]. 中小学心理健康教育. 2021 (22)
父母为了改善亲子关系在言语方面有哪些正确的做法？	父母为了改善亲子关系在言语方面有哪些正确的做法？	"不要轻易否定 
听到孩子的想法，即使你有不同意见，也请不 要急于说“不”，先站在孩子的角度，以同理心理 解孩子。否则，被否定次数多了，孩子就不再跟你 沟通，或者表面上一套，背后一套，不再对你真诚， 或者会用极端强烈的态度、情绪表达他的意见。 "	任彦霞. 三步搞定与青春期孩子的沟通难题[J]. 中小学心理健康教育. 2021 (22)
父母为了改善亲子关系在行为方面有哪些正确的做法？	父母为了改善亲子关系在行为方面该做些什么？	"学会倾听和“闭嘴” 
很多父母都不会倾听孩子，经常说教和唠叨。 而孩子最讨厌的莫过于被唠叨，尤其是这句“都是 为你好”。当孩子还愿意跟你说话时，请用心倾听， 多听少说，适时闭嘴，不催促、不打岔，维持良好 的眼神接触，做到专注而不分心，不敷衍。尽量保 持温柔的态度，放慢语速，放松面部表情。 "	任彦霞. 三步搞定与青春期孩子的沟通难题[J]. 中小学心理健康教育. 2021 (22)
父母为了改善亲子关系在心态方面该有哪些正确的想法？	为了改善亲子关系，父母在心态方面该怎么想？	"放下姿态，勇于认错 
如果在沟通中遇到障碍，要先反思自己，觉得 自己做得不妥，要勇于向孩子认错。只有当孩子真 正感受到来自家长的理解和接纳时，才愿意打开心 门，把自己的烦恼和困惑讲出来，家长才能真正了 解并帮助孩子。"	任彦霞. 三步搞定与青春期孩子的沟通难题[J]. 中小学心理健康教育. 2021 (22)
孩子在无法得到家人理解之后的后果是什么？	孩子在开始不信任家长之后，会有什么后果？	如果孩子正常的沟通得不到支持，他就不再信 任大人，对大人关闭心门，转为地下行动。这会让 孩子陷入一个危险的境地，离开了父母的监管，有 的孩子甚至背着父母偷偷学坏。当然，对孩子的需 求也并非要有求必应，要深入了解孩子的需求，以 同理心理解和接纳孩子，发现孩子想法中积极的一 面，而不是简单粗暴地予以否定。 	任彦霞. 三步搞定与青春期孩子的沟通难题[J]. 中小学心理健康教育. 2021 (22)
有没有什么行为能让孩子信任家长的例子？	家长的行为让孩子充分信任的例子？	我同学的儿子上了初三，突然提出要退学，妈 妈自然是焦虑万分。她心平气和地与孩子沟通，了解到孩子不想上学的原因:学业不顺利、与朋友的 关系紧张等。她理解孩子的想法，但不等于说孩子 的想法可以付诸实施。实际上，孩子对退学以及退 学之后的生活，考虑并不充分。 因此，重点不在于决定上不上学这件事，而在 于针对这件事对孩子予以理解、接纳、尊重与帮助。 如果一味地否定孩子的想法，孩子就会跟父母对立 起来，那样问题就更加难以处理。因此，妈妈决定尊重孩子的想法和决定，她向 班主任请了一次又一次的假，并说服班主任再给 他时间考虑。在此过程中，妈妈承受了巨大的压力 和煎熬，但是她选择和儿子站在一起，理解他，并 尊重他的决定。甚至，她准备接受儿子不再回学校 的“最坏结果”，让孩子充分感受到了她的尊重和信 任。这期间，她跟孩子讲述了她的人生故事和职场 经验，提供给孩子一些名人传记图书，供孩子参考。 过了一段时间，儿子告诉她:“妈妈，我觉得我还是 上学吧。”从此以后，她的孩子开始在学习上发力， 中考打了一个翻身仗。因为这是他自己做出的决 定，他已经做好了主动迎接挑战的充分准备。 	任彦霞. 三步搞定与青春期孩子的沟通难题[J]. 中小学心理健康教育. 2021 (22)
有没有孩子不信任家长的反面例子？	家长的哪行为会让孩子不信任的例子？	一对高知父母面对因为不堪 学业压力要退学的孩子，总是想扭转孩子的想法。 但越是这样，孩子就越像一个斗士，越战越勇，丝 毫没有屈服的意思。结局是亲子关系恶劣，父母和 孩子的身心都受到极大的打击和伤害。 	任彦霞. 三步搞定与青春期孩子的沟通难题[J]. 中小学心理健康教育. 2021 (22)
在孩子的青春期，家长应该怎样做？	家长应该怎样避免与在青春期的孩子产生矛盾？	与青春期孩子的互动与沟通，犹如乘过山车，但 即使在惊心动魄时刻，只要没有偏离“轨道”(伤害 自己或者他人，或者违法乱纪等超越底线的事情)， 就只需你系好“理解、接纳、尊重、信任”的“安全 带”，保持淡定从容、不急不躁的良好心态，和孩子 一起度过充满惊喜和惊险的青春期神奇之旅，等到达 终点时，你会发现你收获的将是满满的喜悦和成长。 	任彦霞. 三步搞定与青春期孩子的沟通难题[J]. 中小学心理健康教育. 2021 (22)
为什么要好好的和孩子沟通？	跟孩子心平气和的讲话的原因是什么？	如果孩子正常的沟通得不到支持，他就不再信 任大人，对大人关闭心门，转为地下行动。这会让 孩子陷入一个危险的境地，离开了父母的监管，有 的孩子甚至背着父母偷偷学坏。当然，对孩子的需 求也并非要有求必应，要深入了解孩子的需求，以 同理心理解和接纳孩子，发现孩子想法中积极的一 面，而不是简单粗暴地予以否定。 	任彦霞. 三步搞定与青春期孩子的沟通难题[J]. 中小学心理健康教育. 2021 (22)
有没有一些做法能让父母改善他们与孩子之间的关系？	能让父母改善他们与孩子之间关系的做法有哪些？	"(一)学会倾听和“闭嘴” 
很多父母都不会倾听孩子，经常说教和唠叨。 而孩子最讨厌的莫过于被唠叨，尤其是这句“都是 为你好”。当孩子还愿意跟你说话时，请用心倾听， 多听少说，适时闭嘴，不催促、不打岔，维持良好 的眼神接触，做到专注而不分心，不敷衍。尽量保 持温柔的态度，放慢语速，放松面部表情。 
(二)不要轻易否定 
听到孩子的想法，即使你有不同意见，也请不 要急于说“不”，先站在孩子的角度，以同理心理 解孩子。否则，被否定次数多了，孩子就不再跟你 沟通，或者表面上一套，背后一套，不再对你真诚， 或者会用极端强烈的态度、情绪表达他的意见。 
(三)放下姿态，勇于认错 
如果在沟通中遇到障碍，要先反思自己，觉得 自己做得不妥，要勇于向孩子认错。只有当孩子真 正感受到来自家长的理解和接纳时，才愿意打开心 门，把自己的烦恼和困惑讲出来，家长才能真正了 解并帮助孩子。 "	任彦霞. 三步搞定与青春期孩子的沟通难题[J]. 中小学心理健康教育. 2021 (22)
什么是青春期？	青春期是什么？	"青春期孩子的逻辑思考能力迅速增强，变得好 辩 , 思维敏捷，勇于挑战。心理上，情绪波动大;情 感上，易受伤害，敏感易怒;生理上，身体快速发 展，并出现第二性征，有了像成年人一样的生理需 要。他们的内在一半是儿童、一半是成人，充满矛盾和纠结，他们自己也不好受，所以这个时期的孩 子特别需要家长的关爱和智慧对待。家长要接受孩 子的改变，包容孩子的种种不足。 "	任彦霞. 三步搞定与青春期孩子的沟通难题[J]. 中小学心理健康教育. 2021 (22)
为什么在疫情隔离期间无效沟通会发生的如此频繁？	在疫情隔离期间，无效沟通发生的原因是什么？	公共卫生事件期间，亲子沟通以家庭为中心，内容单一枯燥 ;居家网课学习占用时间较多、亲子思想观念差异 较大、沟通效率低、男女生性格的差异等使得亲子沟通时 间得不到保障，沟通频率减弱。	"大学生亲子关系调查与对策分析[J]. 张若冰,曹海腾,李雪萌,胡志强,叶建亚.  家庭生活指南. 2021(06)"
亲子关系的定义是什么？	亲子关系	亲子关系是人生中形成的第一个人际关系，也是家庭中最基本、最重要的关系，具有不可替代性、持久性、不平等性等特点。研究发现，亲子关系对青少年的认知、情感和行为的发展都具有决定性的影响。	李玲. 初中生亲子沟通、成就动机及其团体辅导的研究 [D]. 西南大学. 2020
青春期会给亲子关系带来怎样的印象？	是哪些原因使孩子在青春期与父母产生摩擦？	从发展心理学而言，中学生处于青春期，自我意识的发展进入新的阶段，内在是从幼稚到成熟，从依附到独立，从顺从到自主地发展过渡阶段，这时在学校和家庭中也开始有了独立意识。社会生活中觉得自己有一定的独立生活能力，他们渴望个人空间，在家庭中觉得自己也是一个成员，他们期望自己在家庭中的发言具有一定地位。由于独立思考能力的迅速发展，他们希望摆脱父母的束缚，舍弃对父母的完全依赖，不再完全盲目服从他人，开始独立自主的“心理断乳期”。他们有了自己的秘密，更乐于和同伴交往交流，网络的普及让青少年和同伴之间有了更多的共同语言，而面对这些孩子们热衷的热门网络游戏、明星八卦、网络词汇，很多父母都不能理解，也无法和孩子交流、产生共鸣。	李玲. 初中生亲子沟通、成就动机及其团体辅导的研究 [D]. 西南大学. 2021
电子产品会怎样影响亲子关系？	亲子关系会因为电子产品的出现而变差吗？	据我对任教年级的了解，初中生在手机使用、电脑使用上和父母经常发生冲突，他们认为父母管教过多，而父母则认为玩手机、电脑会导致他们成绩下降。	李玲. 初中生亲子沟通、成就动机及其团体辅导的研究 [D]. 西南大学. 2022
学术上对于青春期的研究。	青春期可能带来的困扰。	青春期的孩子已不像儿童期那样对父母顺从、无话不谈，国外有学者称少年期为亲子关系的危机期。在这个时期亲子关系发生大幅度变化，是许多父母最感苦恼、困惑，学生也感烦恼的时期。这样的亲子之间的困扰严重影响到孩子的学业成绩、亲子关系、心理健康。亲子关系对学生的社会化具有特殊重要的意义，而一个好的亲子关系，良好的亲子沟通是关键。	李玲. 初中生亲子沟通、成就动机及其团体辅导的研究 [D]. 西南大学. 2023
亲子的定义是什么？	怎么定义父母对孩子的责任？	亲子原是遗传学中的用语，指亲代和子代之间的生物血缘关系。在心理学领域中，不同的研究者对亲子的定义提出了不同的观点。有的是从血缘和教养行为相结合的角度来定义，如张大华认为亲子关系是亲代（父母）与子代（子女）之间以血缘为纽带的相互依存、相互影响、相互制约的有明显感情倾向的特殊关系。雷雳等则认为亲子关系是父母与子女之间的关系，是以血缘和共同生活为基础，以抚养、教养、赡养为基本内容的自然关系和生活关系的统一体。有的研究者是从亲子之间的互动作用角度来定义，如有人将其定义为“以血缘和共同生活为基础的父母与子女之间相互作用所构成的、亲子双方行为为体系的自然关系和社会关系的统一体”（刘晓梅、李康，1996）。还有的研究者从教养行为的角度来定义，如朱智贤认为亲子关系是父母与其亲生子女、养子女或继子女之间的关系。	李玲. 初中生亲子沟通、成就动机及其团体辅导的研究 [D]. 西南大学. 2024
亲子沟通是什么？	该如何让去定义亲子沟通？	沟通是指人们通过各种言语、非言语的形式进行信息交流的过程，如交流思想、表达情感等（周晓虹，2001）。沟通是人们互相联系的最主要的形式，人们通过沟通可以相互了解、相互合作、学习进而适应社会环境、共同发展。魏然提出，亲子沟通是父母与子女双方主体在亲缘关系的基础上，在共同创造的独特家庭情境中，基于各自的角色定位和不同的态度、需要，运用各种沟通方式在双方之间传递信息、交流感情的过程。这一定义强调了亲子沟通的内部心理过程。亲子沟通是父母和子女间交换资料、信息、观点、意见、情感和态度，以达到共同的了解、信任与互相合作的过程（金盛华，张杰，2002）。该定义强调了亲子沟通是双向的、互动的。	李玲. 初中生亲子沟通、成就动机及其团体辅导的研究 [D]. 西南大学. 2025
在亲子沟通中，什么因素能起到关键性的影响？	什么因素能在亲子关系中取到决定性的作用？	成就动机。	李玲. 初中生亲子沟通、成就动机及其团体辅导的研究 [D]. 西南大学. 2026
什么是成就动机？	成就动机。	动机（motivation）是指引起、推动、维持与调节个体的行为，使之趋向一定目标的心理过程或内在动力（左斌，2009）。其可以是精神的，也可以是物质的。成就动机最初被称为成就需要，是由 Murry 于 1938 年提出的，其认为成就需要是人的首要需要，让人想去追求较高的目标，面对困难的任务也想去挑战而不是退缩，面对各种竞争环境都想超过他人，想让自己变优秀。随后麦克里兰（D. McClelland）于 1961 年正式提出了成就动机的概念，他认为成就动机就是在竞争中，渴望成功的一种自我驱动力，或者说是一种对于成功的关注倾向，这种关注是人格结构中的是稳定的。	李玲. 初中生亲子沟通、成就动机及其团体辅导的研究 [D]. 西南大学. 2027
成就动机是怎样形成的？	成就动机中，强和弱的区别？	Atkinson 提出，成就动机的形成过程中，在意识上有两个方向彼此相对的心理作用：一是希望成功，二是避免失败。即人们在完成任务时趋向于成功带来的成就感，回避失败带来的挫败感。成就动机强的人在追求成功的过程中能施展个人才能，克服重重困难和障碍。也有学者认为成就动机是一种在生活环境中所习得的人格特质，是非智力因素的重要组成部分，成就动机的强弱决定着人们在各项任务的表现中的优劣（景怀斌，1995）	李玲. 初中生亲子沟通、成就动机及其团体辅导的研究 [D]. 西南大学. 2028
亲子沟通作用机制理论。	亲子沟通的机制是什么？	家庭沟通图式理论；在一个家庭中，成员彼此之间存在一个关于家庭关系和成员沟通的内在工作模型，个体以此来解释其他家庭成员的言行，具有相对稳定性，即称为家庭图式（Fitzpatrick，1994）。其实家庭成员之间除了共同的家庭系统图式外，还会因成员间的关系性质不同而产生不同的沟通图式，如夫妻沟通图式、亲子沟通图式。同时 Fitzpatrick 把亲子沟通分为关系定向和观念定向两个维度；不同的定向关注点有所差别，关系定向的沟通注重家庭的和谐和成员之间的粘黏性，很希望家庭成员之间各个方面都要同质；而观念定向则看中个体需要有自己的见解和观点，家庭氛围相对自由，不受约束，可以勇于表达自己。	李玲. 初中生亲子沟通、成就动机及其团体辅导的研究 [D]. 西南大学. 2029
亲子关系中资源交换理论是什么？	资源交换理论在亲子关系中扮演着怎样的角色？	资源交换理论；该理论认为沟通无非在于资源的交换，家庭的沟通就在于家庭成员之间彼此交换资源，这能很好地解释为何父母不同的沟通方式下子女的发展也会不同。如专制型的父母，其子女更易出现攻击行为，这是因为儿童在亲子沟通中接收到的资源就是强硬、霸道。	李玲. 初中生亲子沟通、成就动机及其团体辅导的研究 [D]. 西南大学. 2030
亲子沟通功能理论是什么？	亲子沟通理论有什么功能？	Olson 的曲线理论模型；Olson（1986） 认为家庭功能是家庭成员之间情感联系、沟通以及应对外部事件有效性的反映。它包括 3 个维度：亲密度、适应性和对亲密和适应起促进的沟通维度。Olson 从两个维度考察了沟通对家庭功能的影响：其一是开放性沟通，指在家庭中，亲子双方都能自由地表达自己的观念和情感，而不是一定要求同质；其二是问题性沟通，它指亲子在沟通过程中存在一定的问题，不能顺畅表达，会有所顾忌。一个良好的家庭沟通模式是开放性沟通多而问题沟通少。	李玲. 初中生亲子沟通、成就动机及其团体辅导的研究 [D]. 西南大学. 2031
亲子沟通中有哪些影响因素？	有哪些因素可以影响亲子沟通？	青少年的性别、青少年的年龄、家庭环境、父母教养方式等对亲子沟通的影响。	李玲. 初中生亲子沟通、成就动机及其团体辅导的研究 [D]. 西南大学. 2032
父母性别的不一样会对亲子沟通有影响吗？	亲子沟通中家长性别的差距会带来不一样的沟通吗？	家长性别对亲子沟通的影响。许多研究发现，相比和父亲交流，青少年更乐于与母亲交流，和母亲的交流的内容更广，沟通时间更长，沟通频率也会高于与父亲的交流。且青少年多数表示和母亲交流会比和父亲交流更让自己轻松、满意，在交流中母亲也会更加主动。这个结果可能和女性更擅长语言表达，情感表达有关。	李玲. 初中生亲子沟通、成就动机及其团体辅导的研究 [D]. 西南大学. 2033
孩子的性别会对亲子沟通有影响吗？	亲子沟通中孩子性别的差距会带来不一样的沟通吗？	"青少年性别对亲子沟通的影响。青少年的性别是否对他们和父母的沟通有所影响呢？研究结果仍存在争议。有研究发现，与男孩相比，女孩与父母的沟通更多（Noller,Bagi,1985）。也有研究认为亲子沟通的满意度与青少年性别无关（Masslam,1990）。"	李玲. 初中生亲子沟通、成就动机及其团体辅导的研究 [D]. 西南大学. 2034
孩子的年龄会对亲子沟通有影响吗？	亲子沟通中孩子年龄的不同会带来不一样的沟通吗？	"青少年年龄对亲子沟通的影响。处于青春期早期的青少年相比青春期中期的青少年，更愿意与家长开放地沟通，但他们在亲子问题沟通上没有显著差异（Jackson,1998）.方晓义的研究发现，随着年级的上升，多数初中生与父母的冲突会有所增加。张峰的研究指出，初一到高三的青少年亲子沟通状况在年级上存在显著差异，亲子沟通状况随着年级的增长呈 u 型曲线。"	李玲. 初中生亲子沟通、成就动机及其团体辅导的研究 [D]. 西南大学. 2035
家庭环境会对亲子沟通有影响吗？	亲子沟通中家庭环境会带来不一样的沟通吗？	父母的教养方式，家庭环境影响亲子沟通状况。研究发现生活在温暖、支持的家庭氛围中的青少年能够和父母更直接、平等、耐心地讨论彼此之间的分歧，沟通的问题也会减少；生活在充满敌意、专制性的家庭中，青少年和父母之间沟通往往会存在较多问题，彼此不能坦诚地表达心里的想法。	李玲. 初中生亲子沟通、成就动机及其团体辅导的研究 [D]. 西南大学. 2036
家庭结构会对亲子沟通有影响吗？	亲子沟通中家庭结构会带来不一样的沟通吗？	"家庭结构和亲子沟通质量密切相关。核心家庭比单亲家庭的亲子沟通质量要好（Sandy,1998）。相比双亲家庭而言，离异家庭和收养家庭儿童与父母的沟通会存在更多的摩擦和冲突、沟通频次也更少（Vuchinich,2002;郑满利，2004；郭珊珊，2005）。此外雷雳（2002）的研究还发现，家庭结构虽然会影响亲子沟通，但在离异家庭中，其对父子沟通影响较大，而很少会影响母子沟通。"	李玲. 初中生亲子沟通、成就动机及其团体辅导的研究 [D]. 西南大学. 2037
社会文化会对亲子沟通有影响吗？	亲子沟通中社会文化会带来不一样的沟通吗？	不同的社会文化影响亲子沟通的内容。在相对开放的文化下，亲子之间的话题更加广泛和开放，涉及异性交往、性、吸毒、饮酒等，在相对更加保守的文化下，如中国，亲子沟通涉及的话题更多的是学业情况、同伴交往、零花钱、课外活动等内容（房超，方晓义，2003）。	李玲. 初中生亲子沟通、成就动机及其团体辅导的研究 [D]. 西南大学. 2038
亲子沟通带来的影响有些什么？	针对亲子沟通展开的学术研究发现了什么？	随着对亲子沟通问题研究的深入，国内外学者对亲子沟通质量对青少年发展的影响给予了很大关注。和谐有效的亲子沟通有利于亲子关系的提升，也有利于形成良好的家庭氛围。诸多研究表明，亲子沟通影响孩子的心理健康、社会适应、问题行为和学业成绩等。亲子沟通对心理健康的影响。亲子沟通和青少年的自尊、抑郁、羞怯和孤独等息息相关，如果亲子沟通不良，则不利于青少年心理健康（方晓义，2004；安伯欣，2004）。研究发现，在离异家庭中，父母教育方式不良易产生不良的亲子沟通，进而造成初中生人格特征偏差（周敏娟，2001）。周波（2007）的调查研究指出，初中生亲子沟通与心理健康水平呈显著正相关，其中母子的情感关注和积极交流对青少年的心理健康能产生保护作用。	李玲. 初中生亲子沟通、成就动机及其团体辅导的研究 [D]. 西南大学. 2039
亲子沟通对孩子适应环境能力有什么影响？	亲子沟通是否能对孩子的适应环境能力造成好处？	亲子沟通对适应性的影响。叶青青（2014）等学者认为亲子沟通影响孩子的社会适应，如果亲子沟通开放程度越高，亲子之间能自由表达情感，那么孩子的适应能力会更强。董泽松（2020）也发现亲子沟通对儿童心理韧性有正向预测作用，进而会影响其的社会适应性。亲子沟通相对于朋友沟通，对中晚期青少年成就领域的规划产生了较大的影响，同一种亲子沟通所带来的影响是不确定的，有可能促进青少年积极地社会适应，也有可能增加青少年的消极社会适应（方晓义，2004）。	李玲. 初中生亲子沟通、成就动机及其团体辅导的研究 [D]. 西南大学. 2040
亲子沟通会导致青少年问题行为存在吗？	亲子沟通是否会对青少年行为造成影响？	亲子沟通对青少年问题行为的影响。亲子关系和家庭内部沟通状况，是造成儿童问题行为发生的相关因素（翟静，2003）；王争艳（2002）提出如果青少年与父母缺乏沟通，也就是自己的烦恼困惑和苦闷没办法与父母沟通，在他们的面前宣泄，则更容易出现一些违纪行为，如不听管教、偷东西等。有研究指出，亲子沟通状况影响着儿童的心理行为问题，良好的亲子沟通可以促进儿童亲社会行为的发展，反之，不良的亲子沟通可能造成反社会性或非社会性心理行为（雷雳，2001）。亲子沟通不良也会增加青少年的吸烟行为（方晓义，2001）。	李玲. 初中生亲子沟通、成就动机及其团体辅导的研究 [D]. 西南大学. 2041
亲子沟通对青少年学业有什么影响？	亲子沟通是否会对青少年学业造成影响？	亲子沟通对青少年学业的影响。个人与社会环境的关系随个体成长过程的变化和具体的生活环境的不同而发生变化。对于成长中的青少年来说，学习适应是青少年社会适应重要的评价标准，由于青少年的主要生活内容之一是学习，因此国内外许多研究者都将学业成绩列为青少年社会适应的重要指标之一（李文道，邹乱，赵霞，2003）。研究者指出，那些学业成绩不良的青少年更有可能出现心理行为方面的适应问题（曾琦，1997）。	李玲. 初中生亲子沟通、成就动机及其团体辅导的研究 [D]. 西南大学. 2042
青少年的学业和成就动机有关吗？	成就动机是如何影响青少年的学业的？	成就动机对学业成绩影响显著，高成就动机者具有较好的学业成绩，低成就动机者学业成绩较低（刘志华，郭占基，1993）。大多数研究也得出了同样的结论。Atkinson 把焦虑视为避免失败的动机，足以形成不利的抑制与逃避倾向。相对的成就动机代表个人行为的进取倾向，对于学习成就经常有积极的助长作用。多数研究指出：成就动机与学习成就间具有相当密切关系。	李玲. 初中生亲子沟通、成就动机及其团体辅导的研究 [D]. 西南大学. 2043
亲子沟通中有什么需要注意的点？	有哪些行为能改善亲子沟通？	不管是对于家长还是孩子，都要注意。1. 主动沟通，2. 隐私与边界，3. 表达关心，4. 平等地沟通，5. 情绪适当的表达。	李玲. 初中生亲子沟通、成就动机及其团体辅导的研究 [D]. 西南大学. 2044
给家长用来提升亲子沟通质量的对策及建议（聆听篇）	给家长的建议去提升亲子沟通质量（聆听篇）	1.给亲子沟通空出时间，耐心并有智慧地去听。现代社会发展迅速，进入“快餐时代”，人们习惯以高速、高效的方式获取信息，解决问题，然而在亲子教育上，却没有快速的处理方法，没有所谓的特效药能让孩子马上“好起来”。亲子沟通需要技巧，也需要耐心，想要在短短几分钟内让孩子把内心想说的话说出来，然后把问题解决，这是治标不治本的，这也会让我们忽视孩子内心真实的诉求，在沟通中，青春期的孩子更多地需要父母做到“积极倾听”：（1）听孩子表达的情绪和感受，包容他们所产生的情绪（无论是积极情绪还是消极情绪）并及时给予他们反馈。比如当孩子在讲学校里发生的一件事情时，你可以问问他“那你怎么看待这件事的”、“对于这个事你是什么感受呢？”有时候我们能觉察到孩子在阐述一件事情的时候是带着强烈的情绪的，但是他自己可能没有注意到，这时我们可以反馈他“我感觉你现在很着急”当孩子能通过我们的反馈开始关注自己内在的情绪感受时，他的情绪也会逐渐平复，想法也会变得更加理智。（2）听他们想要得到什么样的帮助或者建议。孩子有时候跟家长探讨自己所遇到的问题，可能是想要得到支持鼓励、可能是想要证实自己是对的，也可能是真的需要得到建议。针对孩子所遇到的问题地解决方法，家长应该注重引导而非直接给出答案，当孩子在提问的同时，往往他内心是有一个答案的，家长不妨先听听他内心的想法，通过他的阐述，家长更能了解孩子的内心世界并且给出他能接受的合理的指导。	李玲. 初中生亲子沟通、成就动机及其团体辅导的研究 [D]. 西南大学. 2045
给家长用来提升亲子沟通质量的对策及建议（表达篇）	给家长的建议去提升亲子沟通质量（表达篇）	2.沟通中家长也应有适当的自我表达，以平等地态度去引导孩子。很多孩子在和父母沟通中有“难以说出口”的感受；也有孩子和父母沟通只说好的，不说不好的事，担心被父母批评。父母在亲子沟通中如果能做到坦诚自己的感受，主动说一些自己目前遇到的问题，或者自己在青少年时期遇到的困惑，做到适当的“自我暴露”，这有助于给孩子营造民主安全的沟通气氛，让孩子更能把所遇到的困惑坦诚说出口。	李玲. 初中生亲子沟通、成就动机及其团体辅导的研究 [D]. 西南大学. 2046
给家长用来提升亲子沟通质量的对策及建议（情绪篇）	给家长的建议去提升亲子沟通质量（情绪篇）	3.家长在沟通中应保持自我觉察，积极调控情绪，不说伤人的话。在竞争激烈的现代社会，焦虑普遍存在于上班族身上，当自己的情绪没有得到很好地处理时，和孩子沟通，难免会无意识地把沟通变成自己情绪的宣泄，因此父母的心理成长也是很重要的一个方面。在和孩子沟通前、沟通时能保持良好的自我觉察，清楚地知道自己的情绪和感受，并且能区分清这些感受哪些是自己原本就有的，哪些是和孩子沟通中产生的。对自己保持好的觉察力才能真正体会到孩子的感受，了解他的内心世界，这时的沟通也是更有效的。	李玲. 初中生亲子沟通、成就动机及其团体辅导的研究 [D]. 西南大学. 2047
给家长用来提升亲子沟通质量的对策及建议（行为篇）	给家长的建议去提升亲子沟通质量（行为篇）	5.尊重孩子的隐私，在家庭中界限与规则的重要性。家长应尊重孩子隐私，特别是青春期的孩子，他们有了独立意识，自尊心强，想要在关系中被尊重。主动、平等地和孩子沟通是了解他们的最好的方法，大部分孩子都是渴望和父母沟通，想要得到父母理解的，在沟通中多一些尊重，孩子会更容易打开自己。父母如果采取一些让孩子感觉不被尊重的方法（如偷看日记、背着孩子去向别人打听他的事情）去了解他，反而会让他感到不舒服，更不愿意和家长交流。	李玲. 初中生亲子沟通、成就动机及其团体辅导的研究 [D]. 西南大学. 2048
给学生用来提升亲子沟通质量的对策及建议（行为篇）	给学生的建议去提升亲子沟通质量（行为篇）	1.遵守家庭规则，尊重父母。俗话说“没有规矩不成方圆”，家庭也是有一定规则的，遵守家庭规则会让亲子之间减少不必要的摩擦。如果对家庭规则感到不满，应该去积极沟通而不是违规了再去沟通。父母是亲人，也是长辈，每个人都需要被尊重，父母也是如此，亲子相处时保持尊重，你才能从别人那里得到尊重。	李玲. 初中生亲子沟通、成就动机及其团体辅导的研究 [D]. 西南大学. 2049
给学生用来提升亲子沟通质量的对策及建议（沟通篇）	给学生的建议去提升亲子沟通质量（沟通篇）	2.积极主动地沟通，直接表达自己的需求。父母都是关心我们的，沟通的氛围是亲子双方共同营造的，孩子也应当主动地将学校发生的事，自己的事告诉父母，让父母参与自己的生活，这样能让父母更了解自己，也更理解自己。当自己对父母有什么要求，如“自己短时间的独处需求”、“想要被关心”等，应该主动直接地表达出来，而不是以消极的态度去应对，当我们学会以成熟的态度去行事说话时，父母自然会对我们更放心。	李玲. 初中生亲子沟通、成就动机及其团体辅导的研究 [D]. 西南大学. 2050
给学生用来提升亲子沟通质量的对策及建议（心态篇）	给学生的建议去提升亲子沟通质量（心态篇）	3.学会理解、包容父母。“人非圣贤孰能无过”，父母也是人，也会有喜怒哀惧，也会犯错误，在家庭中，不仅父母需要包容和理解孩子，孩子也需要包容和理解父母。有时候父母说的伤人的话是带着消极情绪的，是不理智的，并不是他们真的想伤害自己，要学会理解父母、原谅父母。	李玲. 初中生亲子沟通、成就动机及其团体辅导的研究 [D]. 西南大学. 2051
给学校用来提升亲子沟通质量的对策及建议（活动篇）	给学校的建议去提升亲子沟通质量（活动篇）	1.增加亲子活动，增进亲子感情。在游戏与活动中，亲子之间并不需要太多的语言就会让爱自然流动起来。学校可以在校艺术节、运动会上增加亲子活动，让父母与孩子共同参与，增进双方的交流。	李玲. 初中生亲子沟通、成就动机及其团体辅导的研究 [D]. 西南大学. 2052
给学校用来提升亲子沟通质量的对策及建议（课程篇）	给学校的建议去提升亲子沟通质量（课程篇）	2.家长会上对家长进行沟通技巧及青少年的心理发展特点的讲解。家长都是愿意与孩子沟通，了解孩子的，但是很多家长并不知道与孩子沟通的技巧，学校在这方面对家长进行宣讲是大有裨益的。	李玲. 初中生亲子沟通、成就动机及其团体辅导的研究 [D]. 西南大学. 2053
给学校用来提升亲子沟通质量的对策及建议（规划篇）	给学校的建议去提升亲子沟通质量（规划篇）	3.开办家长学校，把家长课堂纳入学校课程规划；组织家长进入学校、进入课堂、主动学习，学习儿童心理发展规律的知识、亲子沟通的技巧、助力学习的方法、处理问题的技能以及如何培养孩子良好习惯等，从而更好地与孩子相处，应对与孩子相处过程中带来的困扰，并有效的优化亲子关系，最终助力于孩子的学习。	李玲. 初中生亲子沟通、成就动机及其团体辅导的研究 [D]. 西南大学. 2054
有哪些辅导能帮助孩子进行良好的亲子沟通（了解篇）？	在辅导方面，哪些能帮助孩子进行良好的亲子沟通（了解篇）？	了解自己的沟通状态。理解几种典型的人际沟通模式：讨好型、责备型、电脑型、打岔型、表里一致型，并通过检审自己的沟通状态、方式和行为，特别是与父母沟通过程中，与父母常用的沟通交流模式；发现自己沟通中的盲点，掌握沟通秘诀，改善自己的沟通模式，努力做一个“表里一致”的沟通者。最终学会以平等、尊重、坦诚的姿态去沟通。	李玲. 初中生亲子沟通、成就动机及其团体辅导的研究 [D]. 西南大学. 2055
有哪些辅导能帮助孩子进行良好的亲子沟通（情绪篇）？	在辅导方面，哪些能帮助孩子进行良好的亲子沟通（情绪篇）？	学会表达情绪。在此次活动中，先带领学生认识生活中的常见情绪，然后让其学会识别情绪，分辨自己的情绪、父母的情绪。正确认识正面情绪和负面情绪，了解到情绪对人的影响，学习情绪的调节方法，学习用语言直接地表达情绪，而不是带着情绪去表达。	李玲. 初中生亲子沟通、成就动机及其团体辅导的研究 [D]. 西南大学. 2056
有哪些辅导能帮助孩子进行良好的亲子沟通（认知篇）？	在辅导方面，哪些能帮助孩子进行良好的亲子沟通（认知篇）？	父母是你特别的朋友。通过“盲人与拐杖”的活动，学习换位思考，体谅父母的不易之处，学会理解与包容。学习积极主动地与父母沟通，允许双方有不同的意见，遵守家庭规则，尊重父母。	李玲. 初中生亲子沟通、成就动机及其团体辅导的研究 [D]. 西南大学. 2057
当今社会上的亲子沟通的状态大概是如何的？	亲子沟通在普遍家庭生活中大概是怎样的？	沟通意愿低，孩子不愿沟通。谈及与父母沟通的话题时，孩子常常更倾向于将心里的想法讲给同龄人或朋友听，而不愿意与父母深入交流。当孩子表现出低意愿时，父母 很少思考原因，相反以一种掌握“话语霸权”的 身份评判孩子的低意愿行为。孩子不愿沟通，与父母自身的沟通观念有 关。大部分父母受传统教育观念影响，和子女交 谈时以家长自居，只顾自己畅所欲言，忽略子女 的感受。部分家长与子女交流时，总是习惯把自 己放在相对权威的地位，强行用自己的经验认知 规范孩子的思想和行为，使孩子感受不到父母对 自己的尊重与理解，久而久之，孩子与父母沟通 的意愿就会越来越低。 	郭彦华. 家庭教育中的亲子沟通问题与反思 [J]. 婚姻家庭. 2021 (341)
为什么会导致不好的亲子沟通？	什么原因会使亲子沟通变得不良好？	沟通关注少，父母没时间沟通主客观因素的阻碍，会使亲子间沟通缺失。 一方面，父母主观上没有意识到亲子沟通的重要性，即使有沟通的时间和机会，也宁愿选择花时 间在休闲娱乐活动上。另一方面，有的父母为了 生计整天忙碌奔波在职场，繁重的工作压力导致 应有的沟通机会缩减，忽略了对孩子情感的交流与心理的关怀。社会心理学研究结果表明，人与人之间的密 切程度是由沟通的多少决定的，要形成密切的关 系，必须用较多的时间沟通。同理，亲子关系的 密切程度与亲子沟通时间息息相关，父母与子女需要通过充足的沟通达到互相了解、互相信任的目标。 	郭彦华. 家庭教育中的亲子沟通问题与反思 [J]. 婚姻家庭. 2021 (341)
沟通技巧会影响亲子沟通吗？	亲子沟通中沟通技巧的好坏重要吗？	沟通技巧差，亲子间不会沟通。除沟通的意愿、时机外，沟通方法也是亲子 间必须思考的问题。换言之，父母与孩子双方都 意识到沟通的重要作用，并创造沟通机会，但沟 通效果往往不理想，原因在于缺乏良好的沟通 方式。沟通方式不对，导致亲子沟通时出现词不 达意、关系紧张的现象。 	郭彦华. 家庭教育中的亲子沟通问题与反思 [J]. 婚姻家庭. 2021 (341)
有什么能增进亲子沟通的策略？	哪些策略能增进亲子沟通？	尊重孩子的主体立场针对孩子不愿沟通的现象，家长需要转变 “权威家长”话语霸主的观念，理解孩子的内心，尊重他们的主体性。尊重主体性随着年龄的增长，孩子逐渐形成独立看待问 题、处理问题的自我认知和个性化风格。孩子自 我意识增长，不再是父母怀里“鹦鹉学舌”的婴儿，而是有表达自身意愿的个体。此时家长需要 打破亲子沟通时固有的权威地位意识，让孩子获 得平等的沟通地位。原本以父母为中心、以成人 需要和期望为家庭教育重点，如今被以子女的发 展需要为基础的亲子教育所替代。	郭彦华. 家庭教育中的亲子沟通问题与反思 [J]. 婚姻家庭. 2021 (341)
如何完善沟通的方法技巧？	哪些技巧可以用来进步沟通技巧？	专注倾听沟通是对话双方观念、情感的交互传递，而 不是单向的信息输出，亲子沟通时，专注倾听是 必不可少的一项沟通素质。目光追随、面带微 笑、及时答问等，都是专注倾听的表现。专注 的倾听姿态，能够向孩子传递积极接纳的信号， 让他们感受到自己被关注，既能满足孩子被倾 听的心理需要，也能让家长完整获取孩子传递的内容。	郭彦华. 家庭教育中的亲子沟通问题与反思 [J]. 婚姻家庭. 2021 (341)
什么是超限效应？	超限效应的定义是什么？	时间久了，无论话语多么动听感人，再耐心的人也 会心生厌烦。这种现象被心理学家 称为超限效应。 一个例子则是著名作家马克·吐温有一次在教堂里听牧师演讲。最初，他觉得 牧师讲得很感人，就准备捐款，并 掏出身上的所有钱。十分钟后，牧师还没有讲完，他就不耐烦了，决 定只捐些零钱。又过了 10 分钟，牧师仍在讲，于是他决定一分钱也不捐了。 	"[1]曹新燕,谭远敬.“超限效应”的教育启示[J].教学与管理,2015(08):20."
超限效应会在生活中造成什么结果？ 		"新学期，我担任三年级班主 任。做了多年的五年级班主任，忽 然面对刚从二年级升上来的孩子， 我有些不知所措了。每天的语文作 业都会有十个八个同学画成了“虾 兵蟹将”，还有一半以上同学照抄 还有错字，数学老师、英语老师每 天都会向我反映某某同学的作业 一 塌糊涂 ， 某 某 同 学 上 课 做 小 动 作 ......我一个头两个大。于是， 每天我都不忘进行批评教育，还利 用军训时间反复进行思想教育，可 就是不见一点儿效果。 抱怨过，愤懑过，失望过。当倍感无助的时候，我猛地意识到:一 定是哪里出错了!很庆幸自己已考 取国家三级心理咨询师，所以第一 时间我想到了心理学，想到了《教育中的心理效应》这本弥足珍贵的书。伴着悠悠墨香，我的目光驻足 31 页——超限效应。是啊，批评频 率那么高，早就超限了，何况我面 对的是不足十岁的孩子啊! 
"	"[1]曹新燕,谭远敬.“超限效应”的教育启示[J].教学与管理,2015(08):20."
如何用超限效应鼓励孩子？	超限效应鼓励孩子有结果吗？	恰逢学校组织队列比赛，我 们班级还获得了第一名的好成绩。 我紧抓这一时机，鼓励孩子们:“因 为我们付出了努力，因为我们在军 训中严格要求自己，因为我们有团 队精神，所以我们获得了第一名。 只要我们有信心，用军训中的精神 要求自己，那么我们的班级一定能 成为强大的集体”。随后，我强调学 习要求，要求孩子们从规范作业做 起，每天各科作业完成后必须认真 检查......孩子们第一次全部耐心 地倾听我的教诲，没有一个人做小 动作。 意想不到的事情发生了。语文 作业本上每个孩子的字迹都是那 么工工整整、认认真真。我心里别 提多高兴了!于是，语文课上，我表扬了书写美观的同学，让他们到台 前展示作业，让全班观摩学习。孩 子们露出了甜甜的笑容。那一刻， 奇妙的心理学就是魔法师，把孩子 们 的 懒 散 、马 虎 变 没 了 ，变 出 了 认 真的学习态度，还有积极的学习热 情。连数学老师也表示，孩子们的 作业做得明显比以前认真，正确率 提高了。 	"[1]曹新燕,谭远敬.“超限效应”的教育启示[J].教学与管理,2015(08):20."
对孩子经常表扬为什么没有效果？		"适意与改变不是恒久的，随着时 间的推移，热情会变淡，一些孩子 会一如从前。如果一味地采用表扬 的方法，必将再次尝到“超限”的苦 果。时间久了，无论 话语多么动听感人，再耐心的人也 会心生厌烦。这种现象被心理学家 称为超限效应。为了避免超限效应酿苦果，应该“适可而止” 如果我能运用心理学的知识储 备，不断变换方法，常出新招，那么 一定能维持良好的教育效果。 
"	"[1]曹新燕,谭远敬.“超限效应”的教育启示[J].教学与管理,2015(08):20."
孩子缺乏沟通会引起哪些问题？	孩子和我不沟通有问题吗？	"子女与父母发生不愉快的情 况后，会出现愤怒、低落、压抑等负性情绪，没有良 好的心理状态，即使和家人待在一起也会感到孤 独。由于长时间宅家，无法正常工作、开展社交，这种消极情 绪可能会继续加重，引起内分泌紊乱、失调等生理上的不良 反应。这种身心欠佳的状态，更有可能同时出现在双方身上。 
"	"[1]马明洋.亲子沟通的技巧[J].心理与健康,2020(06):70-71."
孩子和我不沟通的影响大吗？	孩子不沟通的长久影响是什么？	"子女从小到大与父母共同生 活，不仅会在父母影响下形成自己的基本人格、 价值观念等，也会产生自己教育下一代的理念 方法等。如果与父母的关系一直协调不好，就有可能将对 父母的情绪态度转移过来，把与父母的沟通方式运用到 下一代身上，尤其是与下一代出现矛盾时更容易出现处理不当的情况。 

"	"[1]马明洋.亲子沟通的技巧[J].心理与健康,2020(06):70-71."
孩子在成长过程中有什么特点？ 		"子女与父母在学历层次、年龄阶段、生活经历、性格特 点等方面存在差异，形成了不同的价值观念和思维方式，对 同一事件的评价会有一定程度的不同，进而会降低沟通效 果。例如，处于成年期早期的子女，更希望自己从“依附”中 获得“独立”，对父母的“权威性”意见构成挑战，可能做出 与父母预期不一致的言行 
"	"[1]马明洋.亲子沟通的技巧[J].心理与健康,2020(06):70-71."
家庭冲突发生的原因有什么？ 		"性格急躁的父母说话时更 加果断、容易冲动，发现子女的意见与自己相差较大时就会 打断对话、想要“纠正”，反而会引起子女的反感情绪。 
"	"[1]马明洋.亲子沟通的技巧[J].心理与健康,2020(06):70-71."
父母之间矛盾会怎么影响子女？	孩子偏爱一方家长会有什么问题？ 	如果子女与父母一方关系 过于亲近，与另一方过于疏远，子女会对疏远的一方产生排 斥心理、甚至敌意，也更懒于相互沟通。 	"[1]马明洋.亲子沟通的技巧[J].心理与健康,2020(06):70-71."
用专横的态度和子女沟通为什么没有效果？ 		"的父母对子女具有明 显的心理优势，认为沟通就是为了让子女听话，习惯用自己 的经验开展教导、用控制的方式进行交谈，结果却使子女 逐渐降低了对父母的依赖。再如，有的子女觉得父母已进 入老年阶段，跟不上形势，不能准确领会自己的语意，因而 在与父母说话时会表现出不耐烦的态度。 
"	"[1]马明洋.亲子沟通的技巧[J].心理与健康,2020(06):70-71."
如何处理和孩子之间沟通的问题？		"尊重和理解是家人沟通的前 提，也是建立和谐家庭的基础。首先，要找准自 己的角色定位，遵守家庭内部的良好规则， 保持敬重、谦逊的态度，主动关心需求，不能以自己为中心其次要学会倾听、善于倾听，耐心听取子女发表他们的想法，不要表现出不满态度。  
"	"[1]马明洋.亲子沟通的技巧[J].心理与健康,2020(06):70-71."
子女对家长不满的想法一般有哪些？		"父母明明一点儿教育经验都没有，却要求我必须按照他们说的去做，说什么都是为了 我好，还不接受反驳，否则我就变成了不识好歹 的不孝子......”“在家上网课防我像防贼一样，对 电脑钉钉各种锁定限时，只要看到用手机不管为 什么直接收走，一顿批评教育，不容置疑。” 
"	"[1]孔翠.疫情居家期间亲子冲突的心理应对[J].中小学心理健康教育,2020(15):79-80."
孩子在成长阶段对他么心里有什么影响？	青春期对孩子的影响是什么？	"中高学 段的孩子正处于青春期，他们正是最需要维护自身界限感的时候，他们对“自主空间”的渴望和需 求最强烈。可惜，很多家长不太了解这个阶段孩 子的心理特点，逾越了“心理界限”，于是亲子冲 突便产生了。 
"	"[1]孔翠.疫情居家期间亲子冲突的心理应对[J].中小学心理健康教育,2020(15):79-80."
如何尊重孩子的心里界限？		"家长不 仅需要让步，还要有允许孩子犯错的勇气和魄力， 不要总是以过来人的身份通过讲大道理的方式来 企图改变孩子的认知。成长路上没有捷径，犯错或 许就是唯一的捷径。允许孩子有自己的亲身体验， 允许孩子试错，这样成长起来的孩子具有较强的心 理弹性和耐挫力。 
"	"[1]孔翠.疫情居家期间亲子冲突的心理应对[J].中小学心理健康教育,2020(15):79-80."
非暴力沟通法的步骤是什么	如何非暴力沟通	"“非暴力沟通法”，它有四个表达步骤，分别是:(1)观察:保持客观的观察，不作任何评价;(2)感受:体会自己和他人此刻内心的感受，并说出自己 的感受;(3)需要:通过感受找到问题的根源，也就 是沟通的目的;(4)请求:找到问题的根源后，明确、 具体地提出请求。 

"	"[1]孔翠.疫情居家期间亲子冲突的心理应对[J].中小学心理健康教育,2020(15):79-80."
非暴力沟通法的例子是什么		"举个例子，父母一般在看到孩子坐在电脑前很 长时间叫吃饭也没反应的情境下会发火训斥，结果 双方不欢而散。采用非暴力沟通则可以有效避免冲 突，例如，(1)观察:“我看你今天上午坐在电脑 前有三四个小时了，刚才喊你吃午饭，喊了三遍你 也 没 有 抬 头，只 是‘嗯 嗯’地 回 答。”(2)感 受:“我 心里感觉既伤心又愤怒。”(3)需要:“我希望得 到你的尊重，也希望你能够有节制地使用电脑，合 理安排好休闲和学习时间。”(4)请求:“下次我 叫你的时候，你可以抬头看着我回答吗?”如果家 长采用这样的方式和孩子沟通，相信孩子很难和家 长产生冲突，他会反思自身存在的问题，或许也会 和家长有深层次的沟通。 
"	"[1]孔翠.疫情居家期间亲子冲突的心理应对[J].中小学心理健康教育,2020(15):79-80."
亲自矛盾常见吗？		"调查问卷显示，94% 的子女承认和父母发生过 矛盾，另外 6% 不代表没有矛盾，70% 因缺乏自由 活动空间、不被理解、受罚责骂而烦心。由此可见， 亲子冲突的发生具有普遍性，而冲突的背后是子女 在争夺属于自己的空间和自主权 
"	"[1]孔翠.疫情居家期间亲子冲突的心理应对[J].中小学心理健康教育,2020(15):79-80."
亲子冲突的影响是坏的吗？	亲子冲突正常吗？	"冲突表面是 糟糕的矛盾、不和谐，但凡事各有利弊，这也是冲 突背后的价值和意义，它的心理意义是亲子双方通 过矛盾冲突来间接表达自己的“心理界限”，愤怒 是表达界限的重要方式 
"	"[1]孔翠.疫情居家期间亲子冲突的心理应对[J].中小学心理健康教育,2020(15):79-80."
心里界限的重要性		"个隐形的“心理界限”，这个界限是每个家庭最 终成型的沟通模式。当我们能够从这个角度重新建 构亲子冲突的积极意义时，我们就会降低对亲子冲 突的排斥抵触情绪，从积极的心理视角看待问题， 这也是短期焦点解决的重要方法。 
"	"[1]孔翠.疫情居家期间亲子冲突的心理应对[J].中小学心理健康教育,2020(15):79-80."
亲子矛盾的导火索是什么？		"从冲突矛盾原因看:网络在线学习不认真、 不能按要求完成老师布置的教学任务、沉迷网 络游戏及无法出门等是家庭亲子矛盾冲突的主 要导火索。 
"	"[1]郭学东.疫情防控期间家庭亲子冲突成因及对策初探[J].教育实践与研究(C),2020(05):54-56."
心里健康是什么意思？		"心理健康是指个体在适应环境的过程中， 生理、心理和社会性方面达到协调一致，保持一 种良好的心理功能状态。当其中之一发生变化 时即产生心境扰动。 
"	"[1]郭学东.疫情防控期间家庭亲子冲突成因及对策初探[J].教育实践与研究(C),2020(05):54-56."
亲子沟通冲突事件的加剧过程是怎么样的？		"疫期家庭环境固有认知和生活习惯发生变 化——家庭功能向“教室”功能转化，即由舒适 放松情景转向严格作息的学习、被“监控”情景， 导致原有协调被打破，虽然不会产生阻抗，但潜 意识存在对立冲突，特别是和父母及多角色(教 师、任务监督者、审查者)交集，逐渐形成压力和 冲突，加之个体心理韧性水平较低，且面对逆境 和问题困扰时不能及时获取相关支持，并随着 时间推移、冲突事件的频发造成持续压力进而 爆发亲子冲突。 
"	"[1]郭学东.疫情防控期间家庭亲子冲突成因及对策初探[J].教育实践与研究(C),2020(05):54-56."
青少年不成熟的沟通特点有什么？		"Paikof(f 1991)等人从认知发展的角度指出 的，青少年容易表现出一种对自我、他人和环境 从分布区域来看:城市主城区为高发区域。 的过于理想化的观点，冲突很可能是因为归因 
"	"[1]郭学东.疫情防控期间家庭亲子冲突成因及对策初探[J].教育实践与研究(C),2020(05):54-56."
亲子沟通不当是一方面的错误吗？		"家庭系统理论认为，亲子冲突是一个多人 系统的问题，而不是父母或子女单方面的问题。 亲子冲突的来源既可能是因为家庭成员系统功 能的缺失，也可能是由于不恰当的人际关系界 限，还可能是因为家庭成员防御性的沟通风格 等导致。 
"	"[1]郭学东.疫情防控期间家庭亲子冲突成因及对策初探[J].教育实践与研究(C),2020(05):54-56."
不锻炼对孩子的心里影响是怎么样的？		"在长达一个多月的疫情防控阶段，作为能 独立思考、自我意识逐渐清晰的中小学生而言， 其对同伴(社会)交往、课外娱乐、户外运动、体 育锻炼等主观诉求实属正常需要，甚至是身体 的需要。然而疫情期间，宅家抗疫的现实情景不 允许或者一定程度上阻隔了基于生理和心理的 正常需求，特别是青春期个体“力比多”需求无 法被满足，即产生压抑，会因外界的压力而产生 对立和冲突，亲子冲突为主要表象。 
"	"[1]郭学东.疫情防控期间家庭亲子冲突成因及对策初探[J].教育实践与研究(C),2020(05):54-56."
疫情如何影响亲子沟通？		"疫期防控期间，不仅对于中小学生为新的 应激情景，对家庭成年成员亦是如此。一方面大 多数家长缺乏一定的家庭教育知识，另一方面 自身尚处于特殊时期的适应情形，未做有效准 备，不合理的应对方式导致家庭亲子关系发生 变化，原有趋恒系统发生震动。由于部分家长过 分关注孩子的学业，对疫期宅家期间的学业期 望有过高要求;忽略亲子陪伴与有效沟通，忽视 孩子的情感诉求，不能满足孩子在疫情期间特 殊情景下的相关需要;且在家长群体中存在竞 争意识、超前学习、唯任务完成形成了亲子冲突 的直接爆发诱因，致使种种冲突现象甚至悲剧 不幸产生。 
"	"[1]郭学东.疫情防控期间家庭亲子冲突成因及对策初探[J].教育实践与研究(C),2020(05):54-56."
年级不同冲突也不同吗		"另一方面家长大多成为学习过程的 监督者，无形中加大了亲子冲突的可能。特别是 一些毕业年级家庭，亲子矛盾、冲突呈高发态 势。 
"	"[1]郭学东.疫情防控期间家庭亲子冲突成因及对策初探[J].教育实践与研究(C),2020(05):54-56."
家庭环境的大小有什么对家庭沟通的影响吗？		"人共处不足百平米的家庭环境之 中，家庭成员不同程度的产生应激反应，亲子矛 盾会在此种情境下放大或者压抑等 
"	"[1]郭学东.疫情防控期间家庭亲子冲突成因及对策初探[J].教育实践与研究(C),2020(05):54-56."
总体概括有什么诱导了家庭冲突？		"庭关系、 邻里关系、亲子之间、社会信息的影响、对疫情 的恐慌等多种情况均成为亲子冲突的释放情 景、诱因或者主导因素。 
"	"[1]郭学东.疫情防控期间家庭亲子冲突成因及对策初探[J].教育实践与研究(C),2020(05):54-56."
高中孩子突然的变化有什么？		"究者发现一些孩子没有办法处理好与父母之间的界限，
比如 说哪些 事情是 需要 父母说了算， 哪些 事情是 孩子 自己可以 说了算。因此 ，这
些事 例引起了研究 者的 注意 ，即在过去（小学 、初 中的发展阶段）孩子 们并没 有
特别明显 的表 现出与 父母争取 权利、 不断划边界 的事情发生， 但似 乎到 了高中阶
段，是发生与父母冲突最多的一个时期。"	"[1]葛虹宇. 高中生亲子心理边界的调查研究[D].哈尔滨师范大学,2019."
孩子成长中建立边界正常吗		"Hartmann （1991）在其著作《 噩梦一噩 梦的心理与生理 》一 书中 写道“界线
的形成 是儿童心理结 构发展的一部分。 一方面是缘于神经 系统 的成熟， 另一 方面
则是由于与 环境交往的结 果，儿童逐 渐学 会了 区分 自我与他 人、 幻想 与现实、梦
幻与清醒、男人与 女人等等 。"	"[1]葛虹宇. 高中生亲子心理边界的调查研究[D].哈尔滨师范大学,2020"
成长中的边界会带来什么问题？		"有些人 起初具 有薄弱的自 我界线 ，对自己的冲 
动与 愿望 非常开 放或 恐慌 ，之后 有可能会变 得猜忌多 疑， 出现妄想 症特 征，而 发 
展成厚实的界线或“性格盔甲”。"	"[1]葛虹宇. 高中生亲子心理边界的调查研究[D].哈尔滨师范大学,2021"
心里边界的定义是什么？		"白晓君( 2 0 0 9 )将心理边界界定为：人与环境交互作用中形成的心理活动限
制线，是人能够实现心理控制功能的“阈限值” ——既能承受相应的刺激，又不出现
异常反应的界线；曾仁俊(2014)将心理边界界定为：“自我存在所需要的空间和 
时间、生理距离和心理距离、主权距离和情感距离、自我意识和自我责任等”；杨
宜音(1999 )认为中国人的自我及其边界特性具有“选择性”(在什么情景下使用什 
么原则与自己所包容的他人以及未包容的他人进行交往)和“动力性”(对边界变化 
的掌握)，并认为关于自我结构及边界划分理论中应注意到边界的扩张或收缩式
的自我的存在；Katingna ( 1945)在《社会的心理边界》中提出心理边界是个体间、 
个体 与环境交互 作用的 固有 沉积物"	"[1]葛虹宇. 高中生亲子心理边界的调查研究[D].哈尔滨师范大学,2022"
心里边界的建立过程是怎么办样的？		"周爱保，袁彦（2017）提出了心理边界的发展性特征。他们认为个体从2-3 
岁开 始形 成与外界的 边界 ，个体 能够区别 出自己和外在 世界的 不同 ，能 够认识 到 
自己的局限性、分 清自我与父母，认 识到自我与父母都是独立 的存在 并接 纳这 样
的存在 ，这 一发 展持 续到青春期 或成 年之后 。通常，儿童的 自我边界 能否健 康发 
展取决于他与母亲的关系是否融洽。也就是说，个体的心理边界不是一蹴而就的，
它是发展变化着的，甚至是终身性的。"	"[1]葛虹宇. 高中生亲子心理边界的调查研究[D].哈尔滨师范大学,2023"
家庭矛盾发生后会有什么负面问题？		"根据 米纽 钦的 描述， 我们可 以认为当个体 的边 界处于僵 化的状 态时 ，个体 具 
有清 晰的自 我边界 ，他/ 她与外界表 现出“ 疏离 型’’ 的特 点，“个 别感”增强 ，与外界
的互动性差，无法从外界获得支持及有效的资源，自我的发展空间小。"	"[1]葛虹宇. 高中生亲子心理边界的调查研究[D].哈尔滨师范大学,2024"
没有划分好亲子心里边界有什么影响？		"当个体 的边 界处于松散 的状 态时 ，个体 自我边界 的清晰 性差 ，表 现的 状态是
与外界的“纠缠”，这种纠缠可以给个体带来归属感，个体的自我被淹没在了环境之 
中。 个体 在这种 边界 松散 的状 态下能够获得较多的支持 和资源，同时也会 获得牵
绊和控制，仍不具备良好的自我发展性。"	"[1]葛虹宇. 高中生亲子心理边界的调查研究[D].哈尔滨师范大学,2025"
良性的亲子沟通是怎么样的？		"在课业方面，“父母一般会尊重我的选择，补课班和补课内容都是我自己选” 
“偶尔陪我写作业，也只是陪着而己。” “功课遇到困难时，我也会问同学，大
部分都会得到解决。 ”当觉得有 课业压 力时我 爆发了 ：我在 爸爸 妈妈 面前哭 了，
（唯一的一次）爸爸妈妈就帮助我保留了合适的补课班，把其他补课班取消了。 
“ 他 们 不 古 板 ”
，
“ 妈 妈 是 爱 开 玩 笑 的 ” 她 会 以 “ 你 是 不 是 有 喜 欢 的 男 生 了 ” 的
方式 来了解女儿的情感 状态，对于妈妈 的好奇 ，她不觉得反感“那就告诉她呗，告诉她喜欢谁”
，两人会对喜欢的人长相、性格特点进行一番讨论。而她则可以 
看到其 他人 的内在部分如聪明、有幽 默感、智慧 ，并喜欢有 内秀的 男生 和公 众人 
物。"	"[1]葛虹宇. 高中生亲子心理边界的调查研究[D].哈尔滨师范大学,2026"
家人的宽松是怎么样的？		"在聊到对未来生活的期待时，她说“父母希望我能到国外去读大学，但是自
己想 考国内一 流大 学的心理学专业 ，父 亲不 太同意，但也 没有 明确反对，毕竟还
有 将 近 三 年 的 时 间 ” “ 他 们 也 能 接 受 ‘ 我 不 会 结 婚 ’ 的 想 法 ， 姥 姥 则 表 示 说 ' 长
大之后就会改变’而不会要求我改变想法”。"	"[1]葛虹宇. 高中生亲子心理边界的调查研究[D].哈尔滨师范大学,2027"
明确的亲子界限是怎么样的？		"她大约在3年级的时候便开始一个人睡（书房），初中一年级时有了完全属
于自己的房间， 父母进到房间之前 会先 敲门， 但一 般会在外 边喊，叫她出来，房
间内卫生需要她自己打扫，爸爸会提供拖地的帮助。“从小到大没有感觉受到侵 
犯”
，当向母亲提出需求（对穿衣品味的审美支持）时，母亲也可以及吋的为其 
提供帮助。“姥姥姥爷也会尊重我的选择”
，在力所能及的情况下，尽量使我满
足。"	"[1]葛虹宇. 高中生亲子心理边界的调查研究[D].哈尔滨师范大学,2028"
良好的家庭关系是怎么样的？		"母亲 不 会因为父亲要出门时的磨蹭而不断的唠叨，
虽会表现无奈，但 可 以用相对平静的方式表达。并且，他 们独立于父母和孩
子（两 人 单独外出约会），在我们多以孩子为 中心的文化 中，两 人 可 以进行
灵 活 的 “ 双 人 舞 ” 式 的 互 动 ， 这 给 孩 子 提 供 了 榜 样 。"	"[1]葛虹宇. 高中生亲子心理边界的调查研究[D].哈尔滨师范大学,2029"
未分化边界的互动模式有什么问题？		"我希望得到妈妈的肯定，但是一直都得不到”、“我经常需要讨好我的母亲”，
于是我请她具体描述她与母亲的互动过程：“我想做一个什么事，可能是和学习 
无关的，妈妈只要认为是不行的，就不允许。她不接受除了学习以外的任何事情，
比如我想参加一个学校的活动，她根本不听我为什么想做，就会直接说‘这个跟
你学习没关系’ ”，
“她会规定我回家的时间，比如我学校5点2 0放学，那么我
在 6 点 之 前 就 必 须 到 家 。 ” 她 对 我 回 家 的 时 间 管 得 “ 特 别 严 ” 、 周 末 也 不 能 跟 同 
学出去玩，过生日也不行，高二的时候过生日，她说可以让同学到家里来吃饭，
于是在 吃饭的 整个过程 中她都在问同学我 有没 有跟哪个 男生 接触的 过多？下午 打
算要去公园玩，其他人都走了，最后我也没去成。"	"[1]葛虹宇. 高中生亲子心理边界的调查研究[D].哈尔滨师范大学,2030"
亲子之间的不谅解是怎么样的？		"“我感 觉跟 妈妈 的战斗 一直都 在持 续”
，在被问 到都会因为什 么事情战斗时，
她说“有的时候觉得妈妈管多了，我就会跟妈妈吵架。”而妈妈也并不示弱，以 
“当我没生过你”、“几天都不打理我”的方式让女儿就范。当女儿承认错误时，
妈妈依然会不依不饶的说到“你不是说你没错吗？现在知道错了”，而深入问其 
原因时，受访者会因为 “断我的生活费”而不得不 向妈妈妥协 。而在内心中 “我
也想赢”的想法却十分强烈。“我现在一点隐私都没有，别人都是自己住，我永
远都 是跟我妈 一起住，她为了 看我，让 我爸跟 我奶 奶住，晚上看着 我学 习，看 没
有声音的电视节目，还吋 不时的检查确认，‘学习 了 嘛，你看书都不翻页’ ”对
妈妈的评价就是“特别强势” “对我管的可严了” “我们家的女王”。"	"[1]葛虹宇. 高中生亲子心理边界的调查研究[D].哈尔滨师范大学,2031"
孩子对于专横的家长有什么想法？		"她说她特别沮丧，并且一直想着用什么方法能自己说了算。 
她目前能想到的办法就是从空间上与母亲的分离，希望“考大学考的远点”。而
作为 家庭 主妇的妈妈 则宣称无论女儿去 哪个 城市 ，她都可以 过去，并且等女儿结
婚以后可 以帮她 带孩 子（但是需要 女儿付 一些 费用 ）， 在与母亲斗智 斗勇的过 程
中，受访者练就了 一 个本领就是她可 以对与妈妈年纪相仿的女性进行察言观
色，以 便很有效的讨好她们，她感觉母亲的控制引起了她的反感，她会想各 
种办法假装服从母亲的强势，佯装服从是她目前的生存策略。母亲逼自己就
范 的 最 强 大 的 武 器 就 是 “ 生 活 费 ”
， 如 果 她 不 屈 从 ， 母 亲 真 的 会 断 她 的 生 活
费，她对自己现在无法独立的生存状态表示无奈。"	"[1]葛虹宇. 高中生亲子心理边界的调查研究[D].哈尔滨师范大学,2032"
心里边界的侵入是怎么样的？		"母亲对其边界
有严重的侵 入，母亲的边界似 乎 也是薄的，因为她无法将自己的意愿约束在
自己管理的范围之 内，而将其外溢到 与女儿 和 先生的互 动 中 。这时不时地引
发 亲子互 动过程中的冲突。然而，生活费（资金支持）作 为父母对未成年子
女提供的间接的给养，却 又成为 了非常有效的打击工具 。"	"[1]葛虹宇. 高中生亲子心理边界的调查研究[D].哈尔滨师范大学,2033"
用钱束缚子女有用吗？		"如果父母在子女不 
断的变 化过程中无法分 化 其 功能，那么本该起到滋养 功能的钱，也 会被父母
用作束缚子女、 与子女发生联结的手段。在这一类的互 动方式中，子女均会 
报告说因为钱而不得不 向父母妥协，压抑似 乎是当下子女能够采取的有效措
施。但 另 一方面就会 使 个 体希望尽早的逃离其 原生家庭的掌控。"	"[1]葛虹宇. 高中生亲子心理边界的调查研究[D].哈尔滨师范大学,2034"
唠叨的例子有什么？		"从 上学开始奶奶就变得唠 叨；初 二 初 三那段时间，
“我特别迷手机，时时处处都玩，奶奶很生气，总是骂我，觉得我不学习，
就 把 我 手 机 摔 了 ” “ 我 感 觉 在 奶 奶 心 里 ， 学 习 是 首 要 大 事 ， 然 后 才 是 身 体 。 ” 
尤 其 是 初 三 初 四 之 后 奶 奶 的 唠 叨 更 加 频 繁 ， “ 啥 都 说 我 ”
，
“ 她 会 经 常 把 之 
前 的 事 拿 出 来 说 ， 如 果 我 不 顺 她 意 ， 她 就 会 说 我 ‘ 白 眼 狼 ’ 、 ‘ 白 养 我 ’ 了 ” 。"	"[1]葛虹宇. 高中生亲子心理边界的调查研究[D].哈尔滨师范大学,2035"
亲人过度越界的问题有什么例子？		"选择高中时，受访者特意选了需要住校的私立学校。刚开始奶奶不同意，
后 来 觉 得 环 境 挺 好 也 同 意 了 。 但 是 “ 奶 奶 给 我 带 到 学 校 的 衣 服 颜 色 都 特 别 深
特 别 深 ， 给 我 打 扮 的 灰 头 土 脸 的 ， 她 担 心 如 果 我 穿 的 好 看 出 来 的 话 会 ‘ 招 ’ 
别 人 ” ，
“ 奶 奶 每 周 周 末 还 都 要 在 送 我 回 学 校 时 到 寝 室 一 圈 一 圈 的 查 看 ” 。 
“ 我 在 家 里 啥 都 说 了 不 算 ， 但 是 上 了 高 中 来 到 学 校 啥 都 说 了 算 ， 想 干 啥 就 干
啥，可 以适当休息，现在只 周末回家，我也没有因为没人管我就不学习了，
总 体 分 数 基 本 挺 理 想 的 ， 我 还 挺 高 兴 的 ”
，
“ 我 现 在 有 发 言 权 了 ， 同 学 能 听 
我点了，在家完全没有发言权，我现在超级不想放假”。"	"[1]葛虹宇. 高中生亲子心理边界的调查研究[D].哈尔滨师范大学,2036"
侵入个人隐私范围是怎么样的？		"“她还是要求我把门开着，吋 不时来看我的情况，手机、 
微 信 、 Q Q 的 密 码 她 都 要 求 知 道 ， 啥 都 干 涉 。 她 担 心 我 扯 别 的不好好学习 。 ” 
平 吋 周 末 ， 奶 奶 会 限 制 受 访 者 外 出 和 同 学 一 起 活 动 ，
“ 一 步 一 步 跟 着 我 ” “ 不 
让 我 跟 外 界 人 接 触 ” 。 对 于 奶 奶 的 做 法 ， 她 说 “ 同 学 们 都 感 觉 太 奇 怪 了 ” 但 
是 说 了 也 没 用 ， 受 访 者 也 只 好 接 受 ： “ 跟 着 就 跟 着 呗 ， 也 是 为 我 好 ” （ 无 奈
和 合 理 化 ） ， “ 从 小 到 大 就 一 直 跟 着 ”
， 当 被 深 入 问 及 上 了 高 中 以 后 还 被 这
么 对 待 的 感 受 是 什 么 时 ， 她 说 “ 以 前 奶 奶 一 说 不 管 我 了 ， 我 会 很 害 怕 ， 现 在
我 偶 尔 会 回 嘴 （ ‘ 不 管 就 不 管 呗 ’ ） ， 奶 奶 多 少 会 有 收 敛 ” “ 奶 奶 平 时 也 不 
太关注我开不开心，不注重我的感受”。"	"[1]葛虹宇. 高中生亲子心理边界的调查研究[D].哈尔滨师范大学,2037"
沟通好处的体现有2什么？		"对爷爷她是这样描述的：“老好人，咋的都行，做饭好吃，他虽然跟奶奶
顶 嘴 ， 但 告 诉 我 不 能 顶 嘴 ” 、 “ 他 会 温 柔 的 说 我 ， 给 我 讲 道 理 ” 。 对 于 与 爷
爷 互 动 的 回 忆 ， 她 的 脸 上 洋 溢 出 一 丝 幸 福 的 微 笑 ， “ 小 时 候 爷 爷 总 带 我 到 处
溜 达 玩 ， 后 来 辞 职 到 国 外 去 帮 爸 爸 忙 ” 。 从 爷 爷 走 后 ， 她 说 “ 感 觉 没 谁 能 理
解 我 ” 、 “ 啥 事 情 都 不 愿 意 说 了 ” 、 “ 害 怕 别 人 说 我 ” 。 爷 爷 支 持 我 上 高 中 
住校，认为可以借此机会，锻炼锻炼。"	"[1]葛虹宇. 高中生亲子心理边界的调查研究[D].哈尔滨师范大学,2038"
情绪外溢的问题有什么？		"唠叨是奶奶最
大的特点，对于身边的所有人，她似 乎都不满意，她需要通过不断抱怨的方
式 与 身 边 的 所 有 人 进 行 沟 通 。 在 对 孙 女 的 照 顾 中 ， 她 实 际 是 承 担 着 “ 母 亲 ” 
的功能的，她为孙女的成长付 出的最多，但效果却并不如人意。她对自己儿 
子、 儿媳的抱怨，似 乎将孙女拉进成人的关系里，自己情绪情感的不断外溢"	"[1]葛虹宇. 高中生亲子心理边界的调查研究[D].哈尔滨师范大学,2039"
厚的心里边界特点是什么？		"给受访者造成的感受是矛盾的，她既是“最
熟 悉 ” 奶 奶 的 人 ， 同 时 又 总 会 被 奶 奶 归 到 对 妈 妈 和 爸 爸 的 抱 怨 之 中 。 而 在 对
外的人际互 动 中，奶奶的心理边界又是厚的（这似 乎是过分的自我保护，认
为 其 他 人都不好，都不安全）奶奶一直沉浸在自己的情绪和感受里，而不能
看到孙女的真实状态。（奶奶会以否认的方式直接拒绝孙女的情绪情感状态）。"	"[1]葛虹宇. 高中生亲子心理边界的调查研究[D].哈尔滨师范大学,2040"
强迫性心里边界是怎么样的？		"他 是 这 样 描 述 的 ： “ 企 业 单 位 的 行 政 管 理 人 员 ” ，
“ 脾 气 暴
躁 、 性 子 急 、 刚 愎 自 用 ”
，
“ 稍 微 有 一 丢 丢 的 不 可 避 免 的 失 误 ， 我 和 我 妈 都
会 被 管 ”
， 然 后 他 会 经 常 生 气 ， 甚 至 摔 东 西 、 摔 门 ” 如 果 受 访 者 犯 了 大 错 误
则 会 被 打 ， 父 亲 轻 易 不 动 手 ， 但 动 手 就 会 很 重 ， 用 皮 带 抽 后 背 ， “ 现 在 也 会 
一年挨打三四次"	"[1]葛虹宇. 高中生亲子心理边界的调查研究[D].哈尔滨师范大学,2041"
孩子有什么心里边界的愿望？		"他 认 为 即 便 表 现 出 来 不 满 也 没 有 用 ， 虽
然 试 图 反 抗 过 ， 但 父 亲 会 用 更 猛 烈 的 方 式 （ “ 打 我 ” ） 打 压 回 去 。 他 希 望 “ 自
己能够对手机的使用自己说了算，想睡觉的时候就睡觉，想跟同学聊会电话，
也可以打电话，想跟同学一起打游戏的时候可以一起打游"	"[1]葛虹宇. 高中生亲子心理边界的调查研究[D].哈尔滨师范大学,2042"
掌控家庭的感觉是怎么样的？		"父亲的边界是
清晰而僵硬的，这种强硬不 但在与 儿子的互 动 中，同时也 体现在与妻子的互 
动 中 。父亲掌控着家庭内的规则，并且这种规则是强硬和 不易改变的，父亲 
是家庭内绝对的权威。父亲的个性感鲜明，表现出 与妻子、 儿子上 下级的权
利 关 系 ， 他 们 都 需 要 对 父 亲 服 从"	"[1]葛虹宇. 高中生亲子心理边界的调查研究[D].哈尔滨师范大学,2043"
一方家长的不作为会有什么结果？		"母 亲 “ 顺 从 ” 的 表 现 也 使 她 无 法 在 儿 子 需
要支持时提供帮助 。对于 受访者而言，不论是外显身体（空间）上，还是内 
隐的认知、情感、态度、 价 值观（选择什 么样的人 做朋友）等方面都不 同程
度的遭受着父亲的影响 。 受访者感觉自己没有独立的部分"	"[1]葛虹宇. 高中生亲子心理边界的调查研究[D].哈尔滨师范大学,2044"
父母对子女的生体边界尊重是怎么样的？		"身体的边 界探讨中，特 别涉及到 隐私 部位的暴露底线、男女之间的 身体接
触边界以及身体的安全边界。这是边界的基础。父母亲对子女身体边界的尊重，
一般体现在异 性父母对 子女 身体边界 的尊重， 即在没 有经过 允许的 情况下 ，无过
分亲 昵的举止（如搂 脖抱腰、亲 吻脸颊 等） ，不邀请 异性 子女 共同 沐浴 ，不对子
女造成身体上 的伤害；对子 女身体边界 的无视， 则体 现在无 视子女 的身 体变 化随
意窥视、在被拒绝下仍希望与子女有亲昵举动以及特殊的边界侵入方式“打”。"	"[1]葛虹宇. 高中生亲子心理边界的调查研究[D].哈尔滨师范大学,2045"
孩子逃离的心里是怎样的？		"在受访的36名高中生中，有2人（男生）报告说，自己洗澡时母亲会帮助擦
洗身体；16人（男生6人，女生10人）会报告说，自己的异性父母会要求与自己
有亲昵举动，当遭到拒绝时，6人（男生3人，女生3人）的父母会表示说“你都
是我 的” ；4人（男 生） 报告自己会因为父亲情绪不佳 等方面原因而遭到父亲在身
体上的惩罚，父亲会通过用直接攻击和间接攻击的方式对其进行惩罚；有2名男
生报告说在初四以前 曾经被 父亲体 罚过 ，但从 初四以后 父亲对自己的体罚没有 再 
出现过。当问及他们的感受时，这几位受访者普遍认为：“父亲没有把自己当做 
独立的人看，更别提尊重了”，哀伤、落寞、无助涌上他们的眉梢，当问及有何 
种方式面对时 ，他们 说： “上 了大学就 好了，我就 可以 脱离 他的掌控 了” 。显然 ，
逃离 家庭 成为他 们的首 选方式 。或许， 对于无力改变的当下情境 ，回避是他们 能
做出的最有效的保护自己的方式。"	"[1]葛虹宇. 高中生亲子心理边界的调查研究[D].哈尔滨师范大学,2046"
父母和孩子在物体上边界的体现是怎么样的？		"此外 ，抽屉 、柜、书 包等物 ，本身即有明 确的 与他 物相 区分 的边 界， 具有保 
护其内部容纳空间与容纳物的功能，所以它们对于心理边界也具有特殊的意义。 
高中生是否拥有 自己的抽屉 、柜箱或书包 ，也可 视为空间 边界 的内容之一 。父母
是否允 许孩子 在房 门、抽屉 、箱柜上上 锁， 以及 是否上 锁， 体现着 高中生对于自
己空间边界的意识与维护能力。"	"[1]葛虹宇. 高中生亲子心理边界的调查研究[D].哈尔滨师范大学,2047"
物体边界越界是怎么样的？		"在调查中研宄者发现：有1 6名学生（男生1 0名，女生6名）报告自己的日
记本曾 经被 父母翻看 过， 并对 其行为表现 出明确的 不满；有9名学生（ 男生 6名，
女生3名）怀疑自己的父母翻看过自己的日记，但自己并不能证明；有5名学生
（男生 2名，女生3名）表 示相 信自己的父母不会 偷偷翻看自 己的日记， 因为他 / 
她们认为父母对自己有足够的尊重，不会做这样的事情；有6名学生表示对此事 
不确定。
在受访的学生中，有8人（男5人，女3人）的父母试图要得到子女的Q Q 
密码、与朋友的聊天记录及手机密码；有27人（男生17人，女生10人）对手机
的使用需要跟父母进行协商使用时间，2人（男生1人，女生1人）的父母会以强
硬的方式安排孩子的使用时间，另外7人（男生3人，女生4人）可以有自己的
手机，但是上学时要锁进柜子里。"	"[1]葛虹宇. 高中生亲子心理边界的调查研究[D].哈尔滨师范大学,2048"
亲子对手机的理解不同是怎么样的？		"而高中生对手机却有不同的理解，
他们认为：“正是因为有了手机，才可以使自己不用太多的时间面对父母，而去 
跟父 母讨论 无意 义的话 题， 相反，手机 可以 为他 们提供另 一种平台和 连接，他们 
可以随时与同 学和网友取得联系 ，述说自 己的焦虑而 不是真的跟 父母发生冲突” 
手机 成为他 们缓冲自己情 绪的 方式 ，成为有效 与外界联 结的 工具。 父母的直 接干
预_ “抢手机” “摔手机”常常是使冲突爆发的催化剂。"	"[1]葛虹宇. 高中生亲子心理边界的调查研究[D].哈尔滨师范大学,2049"
随意进入孩子房间有问题吗？		"受访的17名男生中，4名男生报告在小学之前就己
经与父母分开睡，并有了自己独立的房间；有12名男生延迟到小学时与父母分房；
只有1名男生报告至今仍然经常与母亲同床，理由是因父亲打呼而影响母亲的睡
眠；有4名男生报告自己在房间是偶尔需要与父/母亲共用的，有3名的男高中生
报 告 说 “ 只 有 床 是 我 自 己 的 ”
， “ 他 总 是 需 要 与 我 共 用 一 个 房 间 ”
， “ 他 随 时 进
我的房间，也不敲门”；有1 0名男生会报告说“父母会经常参与到房间内物品的
摆放，房间内的打扫等事务”。"	"[1]葛虹宇. 高中生亲子心理边界的调查研究[D].哈尔滨师范大学,2050"
父母对孩子成绩要求普遍是怎么样的？		"在访谈中，7 0 %的高中生会报告说“父母很看重自己的成绩”，要求自己“保 
证有效的学习时间”
，他们 希望 孩子 通过 减少娱 乐的时间（ 手机 上网、打游 戏、 
看综 艺节 目、追剧）、减 少兴趣爱 好的时间、减 少与同 伴相处的时间来尽 量多的
将时 间安排 在学 习上 ，并且会 参与 到孩子 课业时间安排 的计 划中 ，并对 孩子 进行
监督，并认为 “高中期间除了学习，其 他的都没用”
，他 们希望孩子“ 不整那些 
没用的”而是“专心的把成绩搞上去”。"	"[1]葛虹宇. 高中生亲子心理边界的调查研究[D].哈尔滨师范大学,2051"
学习可以是父母的挡箭牌吗？		"有学者曾经指出：中国家庭的十种界限不清主要包括“家庭中有一个过度严 
厉 的 父 亲 ” 、 “ 过 分 唠 叨 的 妈 妈 ” 、 “ 家 庭 里 的 话 题 被 限 制 ” 、 “ 隔 代 卷 入 ” 等 。 
在调查研究中研究者发现：“学习”是高中生家长关注度最高的方面，在中国的
家庭里，最容易被谈起，也最容易掩盖事实真相的就是孩子的“学习”。很多父
母跟孩子除了 “学习 ”找不 到 其 他的话题，“学习 ”成为 中国家庭最高谈阔论的
事情，大家都躲在“学习”这个话题的后面，很少去面对各自的真实感受。父母
用“学习”这个话题与孩子进行连接，既可以不表达自己真实的部分，同时也拒
绝去感受和 面对孩 子真实完 整的部 分，他们 会用对于孩子 成绩的 不满意 来掩 盖他 
们内 心的恐惧 和不 安，而 这一部分也 是他们 自己没 有能力处理的 部分，所以就拿
学习这块遮羞 布来 挡住。 可以 不用去面对来 自自 身的 恐惧 和不 安，而 将责任都外
归因于孩子（你是不用功的，你是责任主体，是你引发了我的愤怒和焦虑）"	"[1]葛虹宇. 高中生亲子心理边界的调查研究[D].哈尔滨师范大学,2052"
家长对性方面的指导缺乏的体现是怎么样的？		"，他们 通过 延迟孩子 正常 生理 、心理需
要的方式，去回避自己担心和焦虑的话题。而在调查中，笔者发现有8名高中生
谈到自己有过性经历，而他 们在这个过程中感受 到的是“ 兴奋” “ 不安” “羞愧” 
“恐惧”等复杂的情感体验。 他 们认为 “早恋”是不被父母和老师接受的，但是
他们 又因为内 心真实的感受而试 图去跨越 父母、老师给自 己的限 定。这也会 让笔
者联 想到我国 与西方在 性教 育方面的 差异 ，而 这种 差异 主要来自于文化。"	"[1]葛虹宇. 高中生亲子心理边界的调查研究[D].哈尔滨师范大学,2053"
和孩子的距离是如何演变的？		"敢怒不敢言。在受访者中有20人（男生7人，女生13人）会采用 表面 服从、 
隐藏情绪变化、隐性攻击（不高兴、翻白眼）的方式表达对父母边界侵入的不满，
而他 们的这种不满多来自于父母带给他们的“不被尊重”、“不被信任”的感受。 
有情 绪反应，说 明高中生在对 父母与自己的认 知评 价进行 分化 ，以不 断建 构和丰 
富自己的自我认知，这与过去“没有不满”形成对比，他们在用这种不满，表达
着他们 的自 我意 识。与 父母拉 开距离 ，首 先是先从 对父母的不满开 始的。如果 父
母忽 视他们 的不满，那 么他 们只 能通 过使用一个 更大 程度上的不满才 能让 父母明
确知道他们之间的不同。"	"[1]葛虹宇. 高中生亲子心理边界的调查研究[D].哈尔滨师范大学,2054"
用钱胁迫孩子是好的吗？		"我国 作为 农业 大国 ，这 种不分 化的家庭 结构受生存环境、资源缺乏等现 实因
素限制，因为并不富饶的生存资源要求我们的家庭必须以大家族合作的方式生存。 
高中生在访谈中也 会经常提到父母要求自己服从的一个理由就是“你花了我的钱，
我养着你，所以必须要听我的”，这似乎又与资源如何分配和使用相联系。在物
质资 源不富足的 情况下 ，资 源的共有也会 成为人 们维系 关系的 重要 手段 ，但是在
今天快 速发展和转型的中国，当富 足的 物质 资源足以保 证基本 生活所 需时，我们 
的父 母又要用 什么 来和自己的子女 进行 联结 呢？仅仅 依靠道 德上的谴 责， 能够达
到维护关系的期待吗？"	"[1]葛虹宇. 高中生亲子心理边界的调查研究[D].哈尔滨师范大学,2055"
谁是在家庭里最负责孩子的人？		"父母作为 孩子 的第 一监护人，对孩 子应 是第一责任人 。父母与原 生家庭 的界
限不清，则会导致家庭角色的混乱，在祖父母/外祖父母作为主要责任人的家庭里，
父母也在接受着照顾，他们成为了孩子叫“爸爸/妈妈”的兄弟姐妹，没有办法起
到教养孩子 的责 任。 一个 良性的家庭 环境中，应是父母起主导作用，祖父母/外祖
父母只能起 辅助的作用， 行使最高监 护权 利的还 是孩 子的父 母本 身。长辈 对孩 子
的过多操控，就实质来说是父母自身的一种过度让权和界限模糊。"	"[1]葛虹宇. 高中生亲子心理边界的调查研究[D].哈尔滨师范大学,2056"
心里边界重要吗？		"父母和孩子 心理边 界能 否在正 确的 时间、以 正确的 方式 建立起 来，不仅 会影
响孩子 人格的形成 与健 康成 长， 也将影 响孩子 成年 后亲 密关系的 建立与保 持。青
春期作为孩子在成长过程中的“第二反抗期”
，具有重要的现实意义。很多人都
将第二反抗期视为洪水猛兽，但同时这一时期也具备更多的机遇。孩子“叛逆” 
的 表 现 ， 本 身 也 在 对 外 界 宣 称 自 我 的 独 立 。 而 在 对 “ 自 我 ” 与 “ 他 人 ” 进 行 区 分 
时，正是 建立边 界、完善自我意 识的 过程 。如果 此时 ，父 母能够给孩子 提供足够
的空 间、以 包容的态度 来让孩子 表达 自我，有足够多 的机会去 全方面多角度的建
立自 己的边 界， 那么他 们将会建立起 良好的自 尊体系和界限 意识。父母需要 了解
这一时期 孩子 心理发展规律的知 识， 同时最 大限度的为他 们提供爱、尊重包容的
生存环境。"	"[1]葛虹宇. 高中生亲子心理边界的调查研究[D].哈尔滨师范大学,2057"
了解他人的重要性？		"我 们 每 个 人 的 自 我 都 不 只 有 “ 自 己 ” ， 还 包 括 很 多 “ 重 要 他 人 ” 的 成 分 。 在
婴幼 儿早期 ，个体 的重 要他人 主要是母亲或者其他 主要照顾者（父亲、祖父母/外
祖父 母等） ；到幼儿期、儿 童期，好朋 友、 老师、同 学也会 逐渐的被 纳入到 重要
他人 的位置中；到了 青春期 及成年 早期 ，我们的重 要他人 会进一步得 到丰 富，亲 
密关系也在不断形成。自我与重要他人的边界关系也将成为一直跟随我们的问题。 
自我与重要他人之间最理想的状态是“和而不同”，既能和谐相处，又能保留各 
自的 特点，彼此 能够尊 重不同 的部 分，而 不寄希 望将 对方 改变成自己喜欢和熟悉
的样子，这种和谐就是要靠双方有“弹性和可渗透性”的边界来维护的，彼此知
道对方的底线在哪里，并能够在相互渗透和融合的过程中扩充自己边界的弹性，
从而发展自身 的边 界。在亲子关系中，当孩 子的自 我与父母等重 要他人 表现 出分 
化时，父 母首先需要 具备边界 意识， 孩子 学习建立边 界的 过程 和父母自我边界 完
善过程 是同步的， 而此时 积极有 效的沟通将会帮助孩子 确立 、区 分自己与他 人的
主体意识，获得自我肯定。"	"[1]葛虹宇. 高中生亲子心理边界的调查研究[D].哈尔滨师范大学,2058"